setup,platform_schema,signal_name,scope,metric,physical_meaning,source_interface,unit,measurement_status,requested_interval_s,historical_source_status,analysis_missing_value_treatment
A,DDR4,System.2_EXEC,System,EXEC,Instructions retired per nominal CPU cycle,Intel PCM CSV,ratio,derived from hardware counters,0.001 requested,Preserved Intel PCM field,"Drop rows where every numeric candidate is NaN; fill remaining NaN values with the feature's benign mean when available, otherwise the global feature mean; center by the same mean; exclude constant features."
A,DDR4,System.3_IPC,System,IPC,Instructions retired per unhalted CPU cycle,Intel PCM CSV,instructions/cycle,derived from hardware counters,0.001 requested,Preserved Intel PCM field,"Drop rows where every numeric candidate is NaN; fill remaining NaN values with the feature's benign mean when available, otherwise the global feature mean; center by the same mean; exclude constant features."
A,DDR4,System.4_FREQ,System,FREQ,Unhalted clock ticks divided by invariant timer ticks,Intel PCM CSV,ratio to nominal frequency,derived from hardware counters,0.001 requested,Preserved Intel PCM field,"Drop rows where every numeric candidate is NaN; fill remaining NaN values with the feature's benign mean when available, otherwise the global feature mean; center by the same mean; exclude constant features."
A,DDR4,System.5_AFREQ,System,AFREQ,Unhalted clock ticks divided by invariant timer ticks while the core is in C0,Intel PCM CSV,ratio to nominal frequency,derived from hardware counters,0.001 requested,Preserved Intel PCM field,"Drop rows where every numeric candidate is NaN; fill remaining NaN values with the feature's benign mean when available, otherwise the global feature mean; center by the same mean; exclude constant features."
A,DDR4,System.6_CFREQ,System,CFREQ,Average active core frequency,Intel PCM CSV,GHz,derived from hardware counters,0.001 requested,Preserved Intel PCM field,"Drop rows where every numeric candidate is NaN; fill remaining NaN values with the feature's benign mean when available, otherwise the global feature mean; center by the same mean; exclude constant features."
A,DDR4,System.7_L3MISS,System,L3MISS,L3 read cache misses during the reporting interval,Intel PCM CSV,million misses,counter delta scaled by Intel PCM,0.001 requested,Preserved Intel PCM field,"Drop rows where every numeric candidate is NaN; fill remaining NaN values with the feature's benign mean when available, otherwise the global feature mean; center by the same mean; exclude constant features."
A,DDR4,System.8_L2MISS,System,L2MISS,L2 read cache misses during the reporting interval; the PCM definition may include hits in another core's L2,Intel PCM CSV,million misses,counter delta scaled by Intel PCM,0.001 requested,Preserved Intel PCM field,"Drop rows where every numeric candidate is NaN; fill remaining NaN values with the feature's benign mean when available, otherwise the global feature mean; center by the same mean; exclude constant features."
A,DDR4,System.9_L3HIT,System,L3HIT,L3 read cache hit ratio,Intel PCM CSV,fraction,derived from hardware counters,0.001 requested,Preserved Intel PCM field,"Drop rows where every numeric candidate is NaN; fill remaining NaN values with the feature's benign mean when available, otherwise the global feature mean; center by the same mean; exclude constant features."
A,DDR4,System.10_L2HIT,System,L2HIT,L2 read cache hit ratio,Intel PCM CSV,fraction,derived from hardware counters,0.001 requested,Preserved Intel PCM field,"Drop rows where every numeric candidate is NaN; fill remaining NaN values with the feature's benign mean when available, otherwise the global feature mean; center by the same mean; exclude constant features."
A,DDR4,System.11_L3MPI,System,L3MPI,L3 read cache misses per retired instruction,Intel PCM CSV,misses/instruction,derived from hardware counters,0.001 requested,Preserved Intel PCM field,"Drop rows where every numeric candidate is NaN; fill remaining NaN values with the feature's benign mean when available, otherwise the global feature mean; center by the same mean; exclude constant features."
A,DDR4,System.12_L2MPI,System,L2MPI,L2 read cache misses per retired instruction,Intel PCM CSV,misses/instruction,derived from hardware counters,0.001 requested,Preserved Intel PCM field,"Drop rows where every numeric candidate is NaN; fill remaining NaN values with the feature's benign mean when available, otherwise the global feature mean; center by the same mean; exclude constant features."
A,DDR4,System.13_READ,System,READ,Bytes read from the memory controller during the reporting interval,Intel PCM CSV,GB,counter delta scaled by Intel PCM,0.001 requested,Preserved Intel PCM field,"Drop rows where every numeric candidate is NaN; fill remaining NaN values with the feature's benign mean when available, otherwise the global feature mean; center by the same mean; exclude constant features."
A,DDR4,System.14_WRITE,System,WRITE,Bytes written to the memory controller during the reporting interval,Intel PCM CSV,GB,counter delta scaled by Intel PCM,0.001 requested,Preserved Intel PCM field,"Drop rows where every numeric candidate is NaN; fill remaining NaN values with the feature's benign mean when available, otherwise the global feature mean; center by the same mean; exclude constant features."
A,DDR4,System.15_INST,System,INST,Retired instructions during the reporting interval,Intel PCM CSV,million instructions,counter delta scaled by Intel PCM,0.001 requested,Preserved Intel PCM field,"Drop rows where every numeric candidate is NaN; fill remaining NaN values with the feature's benign mean when available, otherwise the global feature mean; center by the same mean; exclude constant features."
A,DDR4,System.16_ACYC,System,ACYC,Unhalted core cycles during the reporting interval,Intel PCM CSV,million cycles,counter delta scaled by Intel PCM,0.001 requested,Preserved Intel PCM field,"Drop rows where every numeric candidate is NaN; fill remaining NaN values with the feature's benign mean when available, otherwise the global feature mean; center by the same mean; exclude constant features."
A,DDR4,System.17_TIME(ticks),System,TIME(ticks),Invariant timestamp counter ticks during the reporting interval,Intel PCM CSV,million ticks,counter delta scaled by Intel PCM,0.001 requested,Preserved Intel PCM field,"Drop rows where every numeric candidate is NaN; fill remaining NaN values with the feature's benign mean when available, otherwise the global feature mean; center by the same mean; exclude constant features."
A,DDR4,System.18_PhysIPC,System,PhysIPC,Instructions retired per physical core cycle,Intel PCM CSV,instructions/cycle,derived from hardware counters,0.001 requested,Preserved Intel PCM field,"Drop rows where every numeric candidate is NaN; fill remaining NaN values with the feature's benign mean when available, otherwise the global feature mean; center by the same mean; exclude constant features."
A,DDR4,System.19_PhysIPC%,System,PhysIPC%,Physical core IPC as a percentage of the processor maximum IPC,Intel PCM CSV,%,derived from hardware counters,0.001 requested,Preserved Intel PCM field,"Drop rows where every numeric candidate is NaN; fill remaining NaN values with the feature's benign mean when available, otherwise the global feature mean; center by the same mean; exclude constant features."
A,DDR4,System.20_INSTnom,System,INSTnom,Total instruction execution rate normalized to nominal cycles,Intel PCM CSV,instructions/nominal cycle,derived from hardware counters,0.001 requested,Preserved Intel PCM field,"Drop rows where every numeric candidate is NaN; fill remaining NaN values with the feature's benign mean when available, otherwise the global feature mean; center by the same mean; exclude constant features."
A,DDR4,System.21_INSTnom%,System,INSTnom%,Normalized instruction execution rate as a percentage of the processor maximum IPC,Intel PCM CSV,%,derived from hardware counters,0.001 requested,Preserved Intel PCM field,"Drop rows where every numeric candidate is NaN; fill remaining NaN values with the feature's benign mean when available, otherwise the global feature mean; center by the same mean; exclude constant features."
A,DDR4,System Core C-States_C0res%,System core state aggregate,C0res%,Residency in processor power state C0 during the reporting interval,Intel PCM CSV,%,derived from hardware counters,0.001 requested,Preserved Intel PCM field,"Drop rows where every numeric candidate is NaN; fill remaining NaN values with the feature's benign mean when available, otherwise the global feature mean; center by the same mean; exclude constant features."
A,DDR4,System Core C-States.1_C1res%,System core state aggregate,C1res%,Residency in processor power state C1 during the reporting interval,Intel PCM CSV,%,derived from hardware counters,0.001 requested,Preserved Intel PCM field,"Drop rows where every numeric candidate is NaN; fill remaining NaN values with the feature's benign mean when available, otherwise the global feature mean; center by the same mean; exclude constant features."
A,DDR4,System Core C-States.2_C3res%,System core state aggregate,C3res%,Residency in processor power state C3 during the reporting interval,Intel PCM CSV,%,derived from hardware counters,0.001 requested,Preserved Intel PCM field,"Drop rows where every numeric candidate is NaN; fill remaining NaN values with the feature's benign mean when available, otherwise the global feature mean; center by the same mean; exclude constant features."
A,DDR4,System Core C-States.3_C6res%,System core state aggregate,C6res%,Residency in processor power state C6 during the reporting interval,Intel PCM CSV,%,derived from hardware counters,0.001 requested,Preserved Intel PCM field,"Drop rows where every numeric candidate is NaN; fill remaining NaN values with the feature's benign mean when available, otherwise the global feature mean; center by the same mean; exclude constant features."
A,DDR4,System Core C-States.4_C7res%,System core state aggregate,C7res%,Residency in processor power state C7 during the reporting interval,Intel PCM CSV,%,derived from hardware counters,0.001 requested,Preserved Intel PCM field,"Drop rows where every numeric candidate is NaN; fill remaining NaN values with the feature's benign mean when available, otherwise the global feature mean; center by the same mean; exclude constant features."
A,DDR4,System Pack C-States_C0res%,System package state aggregate,C0res%,Residency in processor power state C0 during the reporting interval,Intel PCM CSV,%,derived from hardware counters,0.001 requested,Preserved Intel PCM field,"Drop rows where every numeric candidate is NaN; fill remaining NaN values with the feature's benign mean when available, otherwise the global feature mean; center by the same mean; exclude constant features."
A,DDR4,System Pack C-States.1_C2res%,System package state aggregate,C2res%,Residency in processor power state C2 during the reporting interval,Intel PCM CSV,%,derived from hardware counters,0.001 requested,Preserved Intel PCM field,"Drop rows where every numeric candidate is NaN; fill remaining NaN values with the feature's benign mean when available, otherwise the global feature mean; center by the same mean; exclude constant features."
A,DDR4,System Pack C-States.2_C3res%,System package state aggregate,C3res%,Residency in processor power state C3 during the reporting interval,Intel PCM CSV,%,derived from hardware counters,0.001 requested,Preserved Intel PCM field,"Drop rows where every numeric candidate is NaN; fill remaining NaN values with the feature's benign mean when available, otherwise the global feature mean; center by the same mean; exclude constant features."
A,DDR4,System Pack C-States.3_C6res%,System package state aggregate,C6res%,Residency in processor power state C6 during the reporting interval,Intel PCM CSV,%,derived from hardware counters,0.001 requested,Preserved Intel PCM field,"Drop rows where every numeric candidate is NaN; fill remaining NaN values with the feature's benign mean when available, otherwise the global feature mean; center by the same mean; exclude constant features."
A,DDR4,System Pack C-States.4_C7res%,System package state aggregate,C7res%,Residency in processor power state C7 during the reporting interval,Intel PCM CSV,%,derived from hardware counters,0.001 requested,Preserved Intel PCM field,"Drop rows where every numeric candidate is NaN; fill remaining NaN values with the feature's benign mean when available, otherwise the global feature mean; center by the same mean; exclude constant features."
A,DDR4,System Pack C-States.5_C8res%,System package state aggregate,C8res%,Residency in processor power state C8 during the reporting interval,Intel PCM CSV,%,derived from hardware counters,0.001 requested,Preserved Intel PCM field,"Drop rows where every numeric candidate is NaN; fill remaining NaN values with the feature's benign mean when available, otherwise the global feature mean; center by the same mean; exclude constant features."
A,DDR4,System Pack C-States.6_C9res%,System package state aggregate,C9res%,Residency in processor power state C9 during the reporting interval,Intel PCM CSV,%,derived from hardware counters,0.001 requested,Preserved Intel PCM field,"Drop rows where every numeric candidate is NaN; fill remaining NaN values with the feature's benign mean when available, otherwise the global feature mean; center by the same mean; exclude constant features."
A,DDR4,System Pack C-States.7_C10res%,System package state aggregate,C10res%,Residency in processor power state C10 during the reporting interval,Intel PCM CSV,%,derived from hardware counters,0.001 requested,Preserved Intel PCM field,"Drop rows where every numeric candidate is NaN; fill remaining NaN values with the feature's benign mean when available, otherwise the global feature mean; center by the same mean; exclude constant features."
A,DDR4,System.22_Proc Energy (Joules),System,Proc Energy (Joules),Processor package energy consumed during the reporting interval,Intel PCM CSV,J,counter delta from the processor energy interface,0.001 requested,Preserved Intel PCM field,"Drop rows where every numeric candidate is NaN; fill remaining NaN values with the feature's benign mean when available, otherwise the global feature mean; center by the same mean; exclude constant features."
A,DDR4,System.23_Power Plane 0 Energy (Joules),System,Power Plane 0 Energy (Joules),Power Plane 0 energy consumed during the reporting interval,Intel PCM CSV,J,counter delta from the processor energy interface,0.001 requested,Preserved Intel PCM field,"Drop rows where every numeric candidate is NaN; fill remaining NaN values with the feature's benign mean when available, otherwise the global feature mean; center by the same mean; exclude constant features."
A,DDR4,System.24_Power Plane 1 Energy (Joules),System,Power Plane 1 Energy (Joules),Power Plane 1 energy consumed during the reporting interval,Intel PCM CSV,J,counter delta from the processor energy interface,0.001 requested,Preserved Intel PCM field,"Drop rows where every numeric candidate is NaN; fill remaining NaN values with the feature's benign mean when available, otherwise the global feature mean; center by the same mean; exclude constant features."
A,DDR4,Socket 0_EXEC,Socket 0,EXEC,Instructions retired per nominal CPU cycle,Intel PCM CSV,ratio,derived from hardware counters,0.001 requested,Preserved Intel PCM field,"Drop rows where every numeric candidate is NaN; fill remaining NaN values with the feature's benign mean when available, otherwise the global feature mean; center by the same mean; exclude constant features."
A,DDR4,Socket 0.1_IPC,Socket 0,IPC,Instructions retired per unhalted CPU cycle,Intel PCM CSV,instructions/cycle,derived from hardware counters,0.001 requested,Preserved Intel PCM field,"Drop rows where every numeric candidate is NaN; fill remaining NaN values with the feature's benign mean when available, otherwise the global feature mean; center by the same mean; exclude constant features."
A,DDR4,Socket 0.2_FREQ,Socket 0,FREQ,Unhalted clock ticks divided by invariant timer ticks,Intel PCM CSV,ratio to nominal frequency,derived from hardware counters,0.001 requested,Preserved Intel PCM field,"Drop rows where every numeric candidate is NaN; fill remaining NaN values with the feature's benign mean when available, otherwise the global feature mean; center by the same mean; exclude constant features."
A,DDR4,Socket 0.3_AFREQ,Socket 0,AFREQ,Unhalted clock ticks divided by invariant timer ticks while the core is in C0,Intel PCM CSV,ratio to nominal frequency,derived from hardware counters,0.001 requested,Preserved Intel PCM field,"Drop rows where every numeric candidate is NaN; fill remaining NaN values with the feature's benign mean when available, otherwise the global feature mean; center by the same mean; exclude constant features."
A,DDR4,Socket 0.4_CFREQ,Socket 0,CFREQ,Average active core frequency,Intel PCM CSV,GHz,derived from hardware counters,0.001 requested,Preserved Intel PCM field,"Drop rows where every numeric candidate is NaN; fill remaining NaN values with the feature's benign mean when available, otherwise the global feature mean; center by the same mean; exclude constant features."
A,DDR4,Socket 0.5_L3MISS,Socket 0,L3MISS,L3 read cache misses during the reporting interval,Intel PCM CSV,million misses,counter delta scaled by Intel PCM,0.001 requested,Preserved Intel PCM field,"Drop rows where every numeric candidate is NaN; fill remaining NaN values with the feature's benign mean when available, otherwise the global feature mean; center by the same mean; exclude constant features."
A,DDR4,Socket 0.6_L2MISS,Socket 0,L2MISS,L2 read cache misses during the reporting interval; the PCM definition may include hits in another core's L2,Intel PCM CSV,million misses,counter delta scaled by Intel PCM,0.001 requested,Preserved Intel PCM field,"Drop rows where every numeric candidate is NaN; fill remaining NaN values with the feature's benign mean when available, otherwise the global feature mean; center by the same mean; exclude constant features."
A,DDR4,Socket 0.7_L3HIT,Socket 0,L3HIT,L3 read cache hit ratio,Intel PCM CSV,fraction,derived from hardware counters,0.001 requested,Preserved Intel PCM field,"Drop rows where every numeric candidate is NaN; fill remaining NaN values with the feature's benign mean when available, otherwise the global feature mean; center by the same mean; exclude constant features."
A,DDR4,Socket 0.8_L2HIT,Socket 0,L2HIT,L2 read cache hit ratio,Intel PCM CSV,fraction,derived from hardware counters,0.001 requested,Preserved Intel PCM field,"Drop rows where every numeric candidate is NaN; fill remaining NaN values with the feature's benign mean when available, otherwise the global feature mean; center by the same mean; exclude constant features."
A,DDR4,Socket 0.9_L3MPI,Socket 0,L3MPI,L3 read cache misses per retired instruction,Intel PCM CSV,misses/instruction,derived from hardware counters,0.001 requested,Preserved Intel PCM field,"Drop rows where every numeric candidate is NaN; fill remaining NaN values with the feature's benign mean when available, otherwise the global feature mean; center by the same mean; exclude constant features."
A,DDR4,Socket 0.10_L2MPI,Socket 0,L2MPI,L2 read cache misses per retired instruction,Intel PCM CSV,misses/instruction,derived from hardware counters,0.001 requested,Preserved Intel PCM field,"Drop rows where every numeric candidate is NaN; fill remaining NaN values with the feature's benign mean when available, otherwise the global feature mean; center by the same mean; exclude constant features."
A,DDR4,Socket 0.11_READ,Socket 0,READ,Bytes read from the memory controller during the reporting interval,Intel PCM CSV,GB,counter delta scaled by Intel PCM,0.001 requested,Preserved Intel PCM field,"Drop rows where every numeric candidate is NaN; fill remaining NaN values with the feature's benign mean when available, otherwise the global feature mean; center by the same mean; exclude constant features."
A,DDR4,Socket 0.12_WRITE,Socket 0,WRITE,Bytes written to the memory controller during the reporting interval,Intel PCM CSV,GB,counter delta scaled by Intel PCM,0.001 requested,Preserved Intel PCM field,"Drop rows where every numeric candidate is NaN; fill remaining NaN values with the feature's benign mean when available, otherwise the global feature mean; center by the same mean; exclude constant features."
A,DDR4,Socket 0.13_IO,Socket 0,IO,Memory controller traffic attributed to I/O requests,Intel PCM CSV,GB,counter delta scaled by Intel PCM,0.001 requested,Preserved Intel PCM field,"Drop rows where every numeric candidate is NaN; fill remaining NaN values with the feature's benign mean when available, otherwise the global feature mean; center by the same mean; exclude constant features."
A,DDR4,Socket 0.14_IA,Socket 0,IA,Memory controller traffic attributed to Intel architecture requests,Intel PCM CSV,GB,counter delta scaled by Intel PCM,0.001 requested,Preserved Intel PCM field,"Drop rows where every numeric candidate is NaN; fill remaining NaN values with the feature's benign mean when available, otherwise the global feature mean; center by the same mean; exclude constant features."
A,DDR4,Socket 0.15_GT,Socket 0,GT,Memory controller traffic attributed to graphics requests,Intel PCM CSV,GB,counter delta scaled by Intel PCM,0.001 requested,Preserved Intel PCM field,"Drop rows where every numeric candidate is NaN; fill remaining NaN values with the feature's benign mean when available, otherwise the global feature mean; center by the same mean; exclude constant features."
A,DDR4,Socket 0.16_TEMP,Socket 0,TEMP,Thermal headroom relative to TjMax; zero corresponds to the maximum junction temperature,Intel PCM CSV,degree Celsius below TjMax,processor thermal sensor reported by Intel PCM,0.001 requested,Preserved Intel PCM field,"Drop rows where every numeric candidate is NaN; fill remaining NaN values with the feature's benign mean when available, otherwise the global feature mean; center by the same mean; exclude constant features."
A,DDR4,Socket 0.17_INST,Socket 0,INST,Retired instructions during the reporting interval,Intel PCM CSV,million instructions,counter delta scaled by Intel PCM,0.001 requested,Preserved Intel PCM field,"Drop rows where every numeric candidate is NaN; fill remaining NaN values with the feature's benign mean when available, otherwise the global feature mean; center by the same mean; exclude constant features."
A,DDR4,Socket 0.18_ACYC,Socket 0,ACYC,Unhalted core cycles during the reporting interval,Intel PCM CSV,million cycles,counter delta scaled by Intel PCM,0.001 requested,Preserved Intel PCM field,"Drop rows where every numeric candidate is NaN; fill remaining NaN values with the feature's benign mean when available, otherwise the global feature mean; center by the same mean; exclude constant features."
A,DDR4,Socket 0.19_TIME(ticks),Socket 0,TIME(ticks),Invariant timestamp counter ticks during the reporting interval,Intel PCM CSV,million ticks,counter delta scaled by Intel PCM,0.001 requested,Preserved Intel PCM field,"Drop rows where every numeric candidate is NaN; fill remaining NaN values with the feature's benign mean when available, otherwise the global feature mean; center by the same mean; exclude constant features."
A,DDR4,Socket 0.20_PhysIPC,Socket 0,PhysIPC,Instructions retired per physical core cycle,Intel PCM CSV,instructions/cycle,derived from hardware counters,0.001 requested,Preserved Intel PCM field,"Drop rows where every numeric candidate is NaN; fill remaining NaN values with the feature's benign mean when available, otherwise the global feature mean; center by the same mean; exclude constant features."
A,DDR4,Socket 0.21_PhysIPC%,Socket 0,PhysIPC%,Physical core IPC as a percentage of the processor maximum IPC,Intel PCM CSV,%,derived from hardware counters,0.001 requested,Preserved Intel PCM field,"Drop rows where every numeric candidate is NaN; fill remaining NaN values with the feature's benign mean when available, otherwise the global feature mean; center by the same mean; exclude constant features."
A,DDR4,Socket 0.22_INSTnom,Socket 0,INSTnom,Total instruction execution rate normalized to nominal cycles,Intel PCM CSV,instructions/nominal cycle,derived from hardware counters,0.001 requested,Preserved Intel PCM field,"Drop rows where every numeric candidate is NaN; fill remaining NaN values with the feature's benign mean when available, otherwise the global feature mean; center by the same mean; exclude constant features."
A,DDR4,Socket 0.23_INSTnom%,Socket 0,INSTnom%,Normalized instruction execution rate as a percentage of the processor maximum IPC,Intel PCM CSV,%,derived from hardware counters,0.001 requested,Preserved Intel PCM field,"Drop rows where every numeric candidate is NaN; fill remaining NaN values with the feature's benign mean when available, otherwise the global feature mean; center by the same mean; exclude constant features."
A,DDR4,SKT0 Core C-State_C0res%,Socket 0,C0res%,Residency in processor power state C0 during the reporting interval,Intel PCM CSV,%,derived from hardware counters,0.001 requested,Preserved Intel PCM field,"Drop rows where every numeric candidate is NaN; fill remaining NaN values with the feature's benign mean when available, otherwise the global feature mean; center by the same mean; exclude constant features."
A,DDR4,SKT0 Core C-State.1_C1res%,Socket 0,C1res%,Residency in processor power state C1 during the reporting interval,Intel PCM CSV,%,derived from hardware counters,0.001 requested,Preserved Intel PCM field,"Drop rows where every numeric candidate is NaN; fill remaining NaN values with the feature's benign mean when available, otherwise the global feature mean; center by the same mean; exclude constant features."
A,DDR4,SKT0 Core C-State.2_C3res%,Socket 0,C3res%,Residency in processor power state C3 during the reporting interval,Intel PCM CSV,%,derived from hardware counters,0.001 requested,Preserved Intel PCM field,"Drop rows where every numeric candidate is NaN; fill remaining NaN values with the feature's benign mean when available, otherwise the global feature mean; center by the same mean; exclude constant features."
A,DDR4,SKT0 Core C-State.3_C6res%,Socket 0,C6res%,Residency in processor power state C6 during the reporting interval,Intel PCM CSV,%,derived from hardware counters,0.001 requested,Preserved Intel PCM field,"Drop rows where every numeric candidate is NaN; fill remaining NaN values with the feature's benign mean when available, otherwise the global feature mean; center by the same mean; exclude constant features."
A,DDR4,SKT0 Core C-State.4_C7res%,Socket 0,C7res%,Residency in processor power state C7 during the reporting interval,Intel PCM CSV,%,derived from hardware counters,0.001 requested,Preserved Intel PCM field,"Drop rows where every numeric candidate is NaN; fill remaining NaN values with the feature's benign mean when available, otherwise the global feature mean; center by the same mean; exclude constant features."
A,DDR4,SKT0 Package C-State_C0res%,Socket 0,C0res%,Residency in processor power state C0 during the reporting interval,Intel PCM CSV,%,derived from hardware counters,0.001 requested,Preserved Intel PCM field,"Drop rows where every numeric candidate is NaN; fill remaining NaN values with the feature's benign mean when available, otherwise the global feature mean; center by the same mean; exclude constant features."
A,DDR4,SKT0 Package C-State.1_C2res%,Socket 0,C2res%,Residency in processor power state C2 during the reporting interval,Intel PCM CSV,%,derived from hardware counters,0.001 requested,Preserved Intel PCM field,"Drop rows where every numeric candidate is NaN; fill remaining NaN values with the feature's benign mean when available, otherwise the global feature mean; center by the same mean; exclude constant features."
A,DDR4,SKT0 Package C-State.2_C3res%,Socket 0,C3res%,Residency in processor power state C3 during the reporting interval,Intel PCM CSV,%,derived from hardware counters,0.001 requested,Preserved Intel PCM field,"Drop rows where every numeric candidate is NaN; fill remaining NaN values with the feature's benign mean when available, otherwise the global feature mean; center by the same mean; exclude constant features."
A,DDR4,SKT0 Package C-State.3_C6res%,Socket 0,C6res%,Residency in processor power state C6 during the reporting interval,Intel PCM CSV,%,derived from hardware counters,0.001 requested,Preserved Intel PCM field,"Drop rows where every numeric candidate is NaN; fill remaining NaN values with the feature's benign mean when available, otherwise the global feature mean; center by the same mean; exclude constant features."
A,DDR4,SKT0 Package C-State.4_C7res%,Socket 0,C7res%,Residency in processor power state C7 during the reporting interval,Intel PCM CSV,%,derived from hardware counters,0.001 requested,Preserved Intel PCM field,"Drop rows where every numeric candidate is NaN; fill remaining NaN values with the feature's benign mean when available, otherwise the global feature mean; center by the same mean; exclude constant features."
A,DDR4,SKT0 Package C-State.5_C8res%,Socket 0,C8res%,Residency in processor power state C8 during the reporting interval,Intel PCM CSV,%,derived from hardware counters,0.001 requested,Preserved Intel PCM field,"Drop rows where every numeric candidate is NaN; fill remaining NaN values with the feature's benign mean when available, otherwise the global feature mean; center by the same mean; exclude constant features."
A,DDR4,SKT0 Package C-State.6_C9res%,Socket 0,C9res%,Residency in processor power state C9 during the reporting interval,Intel PCM CSV,%,derived from hardware counters,0.001 requested,Preserved Intel PCM field,"Drop rows where every numeric candidate is NaN; fill remaining NaN values with the feature's benign mean when available, otherwise the global feature mean; center by the same mean; exclude constant features."
A,DDR4,SKT0 Package C-State.7_C10res%,Socket 0,C10res%,Residency in processor power state C10 during the reporting interval,Intel PCM CSV,%,derived from hardware counters,0.001 requested,Preserved Intel PCM field,"Drop rows where every numeric candidate is NaN; fill remaining NaN values with the feature's benign mean when available, otherwise the global feature mean; center by the same mean; exclude constant features."
A,DDR4,Proc Energy (Joules)_SKT0,Socket 0,Proc Energy (Joules),Processor package energy consumed during the reporting interval,Intel PCM CSV,J,counter delta from the processor energy interface,0.001 requested,Preserved Intel PCM field,"Drop rows where every numeric candidate is NaN; fill remaining NaN values with the feature's benign mean when available, otherwise the global feature mean; center by the same mean; exclude constant features."
A,DDR4,Power Plane 0 Energy (Joules)_SKT0,Socket 0,Power Plane 0 Energy (Joules),Power Plane 0 energy consumed during the reporting interval,Intel PCM CSV,J,counter delta from the processor energy interface,0.001 requested,Preserved Intel PCM field,"Drop rows where every numeric candidate is NaN; fill remaining NaN values with the feature's benign mean when available, otherwise the global feature mean; center by the same mean; exclude constant features."
A,DDR4,Power Plane 1 Energy (Joules)_SKT0,Socket 0,Power Plane 1 Energy (Joules),Power Plane 1 energy consumed during the reporting interval,Intel PCM CSV,J,counter delta from the processor energy interface,0.001 requested,Preserved Intel PCM field,"Drop rows where every numeric candidate is NaN; fill remaining NaN values with the feature's benign mean when available, otherwise the global feature mean; center by the same mean; exclude constant features."
A,DDR4,Core0 (Socket 0)_EXEC,"Core 0, socket 0",EXEC,Instructions retired per nominal CPU cycle,Intel PCM CSV,ratio,derived from hardware counters,0.001 requested,Preserved Intel PCM field,"Drop rows where every numeric candidate is NaN; fill remaining NaN values with the feature's benign mean when available, otherwise the global feature mean; center by the same mean; exclude constant features."
A,DDR4,Core0 (Socket 0).1_IPC,"Core 0, socket 0",IPC,Instructions retired per unhalted CPU cycle,Intel PCM CSV,instructions/cycle,derived from hardware counters,0.001 requested,Preserved Intel PCM field,"Drop rows where every numeric candidate is NaN; fill remaining NaN values with the feature's benign mean when available, otherwise the global feature mean; center by the same mean; exclude constant features."
A,DDR4,Core0 (Socket 0).2_FREQ,"Core 0, socket 0",FREQ,Unhalted clock ticks divided by invariant timer ticks,Intel PCM CSV,ratio to nominal frequency,derived from hardware counters,0.001 requested,Preserved Intel PCM field,"Drop rows where every numeric candidate is NaN; fill remaining NaN values with the feature's benign mean when available, otherwise the global feature mean; center by the same mean; exclude constant features."
A,DDR4,Core0 (Socket 0).3_AFREQ,"Core 0, socket 0",AFREQ,Unhalted clock ticks divided by invariant timer ticks while the core is in C0,Intel PCM CSV,ratio to nominal frequency,derived from hardware counters,0.001 requested,Preserved Intel PCM field,"Drop rows where every numeric candidate is NaN; fill remaining NaN values with the feature's benign mean when available, otherwise the global feature mean; center by the same mean; exclude constant features."
A,DDR4,Core0 (Socket 0).4_CFREQ,"Core 0, socket 0",CFREQ,Average active core frequency,Intel PCM CSV,GHz,derived from hardware counters,0.001 requested,Preserved Intel PCM field,"Drop rows where every numeric candidate is NaN; fill remaining NaN values with the feature's benign mean when available, otherwise the global feature mean; center by the same mean; exclude constant features."
A,DDR4,Core0 (Socket 0).5_L3MISS,"Core 0, socket 0",L3MISS,L3 read cache misses during the reporting interval,Intel PCM CSV,million misses,counter delta scaled by Intel PCM,0.001 requested,Preserved Intel PCM field,"Drop rows where every numeric candidate is NaN; fill remaining NaN values with the feature's benign mean when available, otherwise the global feature mean; center by the same mean; exclude constant features."
A,DDR4,Core0 (Socket 0).6_L2MISS,"Core 0, socket 0",L2MISS,L2 read cache misses during the reporting interval; the PCM definition may include hits in another core's L2,Intel PCM CSV,million misses,counter delta scaled by Intel PCM,0.001 requested,Preserved Intel PCM field,"Drop rows where every numeric candidate is NaN; fill remaining NaN values with the feature's benign mean when available, otherwise the global feature mean; center by the same mean; exclude constant features."
A,DDR4,Core0 (Socket 0).7_L3HIT,"Core 0, socket 0",L3HIT,L3 read cache hit ratio,Intel PCM CSV,fraction,derived from hardware counters,0.001 requested,Preserved Intel PCM field,"Drop rows where every numeric candidate is NaN; fill remaining NaN values with the feature's benign mean when available, otherwise the global feature mean; center by the same mean; exclude constant features."
A,DDR4,Core0 (Socket 0).8_L2HIT,"Core 0, socket 0",L2HIT,L2 read cache hit ratio,Intel PCM CSV,fraction,derived from hardware counters,0.001 requested,Preserved Intel PCM field,"Drop rows where every numeric candidate is NaN; fill remaining NaN values with the feature's benign mean when available, otherwise the global feature mean; center by the same mean; exclude constant features."
A,DDR4,Core0 (Socket 0).9_L3MPI,"Core 0, socket 0",L3MPI,L3 read cache misses per retired instruction,Intel PCM CSV,misses/instruction,derived from hardware counters,0.001 requested,Preserved Intel PCM field,"Drop rows where every numeric candidate is NaN; fill remaining NaN values with the feature's benign mean when available, otherwise the global feature mean; center by the same mean; exclude constant features."
A,DDR4,Core0 (Socket 0).10_L2MPI,"Core 0, socket 0",L2MPI,L2 read cache misses per retired instruction,Intel PCM CSV,misses/instruction,derived from hardware counters,0.001 requested,Preserved Intel PCM field,"Drop rows where every numeric candidate is NaN; fill remaining NaN values with the feature's benign mean when available, otherwise the global feature mean; center by the same mean; exclude constant features."
A,DDR4,Core0 (Socket 0).11_C0res%,"Core 0, socket 0",C0res%,Residency in processor power state C0 during the reporting interval,Intel PCM CSV,%,derived from hardware counters,0.001 requested,Preserved Intel PCM field,"Drop rows where every numeric candidate is NaN; fill remaining NaN values with the feature's benign mean when available, otherwise the global feature mean; center by the same mean; exclude constant features."
A,DDR4,Core0 (Socket 0).12_C1res%,"Core 0, socket 0",C1res%,Residency in processor power state C1 during the reporting interval,Intel PCM CSV,%,derived from hardware counters,0.001 requested,Preserved Intel PCM field,"Drop rows where every numeric candidate is NaN; fill remaining NaN values with the feature's benign mean when available, otherwise the global feature mean; center by the same mean; exclude constant features."
A,DDR4,Core0 (Socket 0).13_C3res%,"Core 0, socket 0",C3res%,Residency in processor power state C3 during the reporting interval,Intel PCM CSV,%,derived from hardware counters,0.001 requested,Preserved Intel PCM field,"Drop rows where every numeric candidate is NaN; fill remaining NaN values with the feature's benign mean when available, otherwise the global feature mean; center by the same mean; exclude constant features."
A,DDR4,Core0 (Socket 0).14_C6res%,"Core 0, socket 0",C6res%,Residency in processor power state C6 during the reporting interval,Intel PCM CSV,%,derived from hardware counters,0.001 requested,Preserved Intel PCM field,"Drop rows where every numeric candidate is NaN; fill remaining NaN values with the feature's benign mean when available, otherwise the global feature mean; center by the same mean; exclude constant features."
A,DDR4,Core0 (Socket 0).15_C7res%,"Core 0, socket 0",C7res%,Residency in processor power state C7 during the reporting interval,Intel PCM CSV,%,derived from hardware counters,0.001 requested,Preserved Intel PCM field,"Drop rows where every numeric candidate is NaN; fill remaining NaN values with the feature's benign mean when available, otherwise the global feature mean; center by the same mean; exclude constant features."
A,DDR4,Core0 (Socket 0).16_TEMP,"Core 0, socket 0",TEMP,Thermal headroom relative to TjMax; zero corresponds to the maximum junction temperature,Intel PCM CSV,degree Celsius below TjMax,processor thermal sensor reported by Intel PCM,0.001 requested,Preserved Intel PCM field,"Drop rows where every numeric candidate is NaN; fill remaining NaN values with the feature's benign mean when available, otherwise the global feature mean; center by the same mean; exclude constant features."
A,DDR4,Core0 (Socket 0).17_INST,"Core 0, socket 0",INST,Retired instructions during the reporting interval,Intel PCM CSV,million instructions,counter delta scaled by Intel PCM,0.001 requested,Preserved Intel PCM field,"Drop rows where every numeric candidate is NaN; fill remaining NaN values with the feature's benign mean when available, otherwise the global feature mean; center by the same mean; exclude constant features."
A,DDR4,Core0 (Socket 0).18_ACYC,"Core 0, socket 0",ACYC,Unhalted core cycles during the reporting interval,Intel PCM CSV,million cycles,counter delta scaled by Intel PCM,0.001 requested,Preserved Intel PCM field,"Drop rows where every numeric candidate is NaN; fill remaining NaN values with the feature's benign mean when available, otherwise the global feature mean; center by the same mean; exclude constant features."
A,DDR4,Core0 (Socket 0).19_TIME(ticks),"Core 0, socket 0",TIME(ticks),Invariant timestamp counter ticks during the reporting interval,Intel PCM CSV,million ticks,counter delta scaled by Intel PCM,0.001 requested,Preserved Intel PCM field,"Drop rows where every numeric candidate is NaN; fill remaining NaN values with the feature's benign mean when available, otherwise the global feature mean; center by the same mean; exclude constant features."
A,DDR4,Core0 (Socket 0).20_PhysIPC,"Core 0, socket 0",PhysIPC,Instructions retired per physical core cycle,Intel PCM CSV,instructions/cycle,derived from hardware counters,0.001 requested,Preserved Intel PCM field,"Drop rows where every numeric candidate is NaN; fill remaining NaN values with the feature's benign mean when available, otherwise the global feature mean; center by the same mean; exclude constant features."
A,DDR4,Core0 (Socket 0).21_PhysIPC%,"Core 0, socket 0",PhysIPC%,Physical core IPC as a percentage of the processor maximum IPC,Intel PCM CSV,%,derived from hardware counters,0.001 requested,Preserved Intel PCM field,"Drop rows where every numeric candidate is NaN; fill remaining NaN values with the feature's benign mean when available, otherwise the global feature mean; center by the same mean; exclude constant features."
A,DDR4,Core0 (Socket 0).22_INSTnom,"Core 0, socket 0",INSTnom,Total instruction execution rate normalized to nominal cycles,Intel PCM CSV,instructions/nominal cycle,derived from hardware counters,0.001 requested,Preserved Intel PCM field,"Drop rows where every numeric candidate is NaN; fill remaining NaN values with the feature's benign mean when available, otherwise the global feature mean; center by the same mean; exclude constant features."
A,DDR4,Core0 (Socket 0).23_INSTnom%,"Core 0, socket 0",INSTnom%,Normalized instruction execution rate as a percentage of the processor maximum IPC,Intel PCM CSV,%,derived from hardware counters,0.001 requested,Preserved Intel PCM field,"Drop rows where every numeric candidate is NaN; fill remaining NaN values with the feature's benign mean when available, otherwise the global feature mean; center by the same mean; exclude constant features."
A,DDR4,Core1 (Socket 0)_EXEC,"Core 1, socket 0",EXEC,Instructions retired per nominal CPU cycle,Intel PCM CSV,ratio,derived from hardware counters,0.001 requested,Preserved Intel PCM field,"Drop rows where every numeric candidate is NaN; fill remaining NaN values with the feature's benign mean when available, otherwise the global feature mean; center by the same mean; exclude constant features."
A,DDR4,Core1 (Socket 0).1_IPC,"Core 1, socket 0",IPC,Instructions retired per unhalted CPU cycle,Intel PCM CSV,instructions/cycle,derived from hardware counters,0.001 requested,Preserved Intel PCM field,"Drop rows where every numeric candidate is NaN; fill remaining NaN values with the feature's benign mean when available, otherwise the global feature mean; center by the same mean; exclude constant features."
A,DDR4,Core1 (Socket 0).2_FREQ,"Core 1, socket 0",FREQ,Unhalted clock ticks divided by invariant timer ticks,Intel PCM CSV,ratio to nominal frequency,derived from hardware counters,0.001 requested,Preserved Intel PCM field,"Drop rows where every numeric candidate is NaN; fill remaining NaN values with the feature's benign mean when available, otherwise the global feature mean; center by the same mean; exclude constant features."
A,DDR4,Core1 (Socket 0).3_AFREQ,"Core 1, socket 0",AFREQ,Unhalted clock ticks divided by invariant timer ticks while the core is in C0,Intel PCM CSV,ratio to nominal frequency,derived from hardware counters,0.001 requested,Preserved Intel PCM field,"Drop rows where every numeric candidate is NaN; fill remaining NaN values with the feature's benign mean when available, otherwise the global feature mean; center by the same mean; exclude constant features."
A,DDR4,Core1 (Socket 0).4_CFREQ,"Core 1, socket 0",CFREQ,Average active core frequency,Intel PCM CSV,GHz,derived from hardware counters,0.001 requested,Preserved Intel PCM field,"Drop rows where every numeric candidate is NaN; fill remaining NaN values with the feature's benign mean when available, otherwise the global feature mean; center by the same mean; exclude constant features."
A,DDR4,Core1 (Socket 0).5_L3MISS,"Core 1, socket 0",L3MISS,L3 read cache misses during the reporting interval,Intel PCM CSV,million misses,counter delta scaled by Intel PCM,0.001 requested,Preserved Intel PCM field,"Drop rows where every numeric candidate is NaN; fill remaining NaN values with the feature's benign mean when available, otherwise the global feature mean; center by the same mean; exclude constant features."
A,DDR4,Core1 (Socket 0).6_L2MISS,"Core 1, socket 0",L2MISS,L2 read cache misses during the reporting interval; the PCM definition may include hits in another core's L2,Intel PCM CSV,million misses,counter delta scaled by Intel PCM,0.001 requested,Preserved Intel PCM field,"Drop rows where every numeric candidate is NaN; fill remaining NaN values with the feature's benign mean when available, otherwise the global feature mean; center by the same mean; exclude constant features."
A,DDR4,Core1 (Socket 0).7_L3HIT,"Core 1, socket 0",L3HIT,L3 read cache hit ratio,Intel PCM CSV,fraction,derived from hardware counters,0.001 requested,Preserved Intel PCM field,"Drop rows where every numeric candidate is NaN; fill remaining NaN values with the feature's benign mean when available, otherwise the global feature mean; center by the same mean; exclude constant features."
A,DDR4,Core1 (Socket 0).8_L2HIT,"Core 1, socket 0",L2HIT,L2 read cache hit ratio,Intel PCM CSV,fraction,derived from hardware counters,0.001 requested,Preserved Intel PCM field,"Drop rows where every numeric candidate is NaN; fill remaining NaN values with the feature's benign mean when available, otherwise the global feature mean; center by the same mean; exclude constant features."
A,DDR4,Core1 (Socket 0).9_L3MPI,"Core 1, socket 0",L3MPI,L3 read cache misses per retired instruction,Intel PCM CSV,misses/instruction,derived from hardware counters,0.001 requested,Preserved Intel PCM field,"Drop rows where every numeric candidate is NaN; fill remaining NaN values with the feature's benign mean when available, otherwise the global feature mean; center by the same mean; exclude constant features."
A,DDR4,Core1 (Socket 0).10_L2MPI,"Core 1, socket 0",L2MPI,L2 read cache misses per retired instruction,Intel PCM CSV,misses/instruction,derived from hardware counters,0.001 requested,Preserved Intel PCM field,"Drop rows where every numeric candidate is NaN; fill remaining NaN values with the feature's benign mean when available, otherwise the global feature mean; center by the same mean; exclude constant features."
A,DDR4,Core1 (Socket 0).11_C0res%,"Core 1, socket 0",C0res%,Residency in processor power state C0 during the reporting interval,Intel PCM CSV,%,derived from hardware counters,0.001 requested,Preserved Intel PCM field,"Drop rows where every numeric candidate is NaN; fill remaining NaN values with the feature's benign mean when available, otherwise the global feature mean; center by the same mean; exclude constant features."
A,DDR4,Core1 (Socket 0).12_C1res%,"Core 1, socket 0",C1res%,Residency in processor power state C1 during the reporting interval,Intel PCM CSV,%,derived from hardware counters,0.001 requested,Preserved Intel PCM field,"Drop rows where every numeric candidate is NaN; fill remaining NaN values with the feature's benign mean when available, otherwise the global feature mean; center by the same mean; exclude constant features."
A,DDR4,Core1 (Socket 0).13_C3res%,"Core 1, socket 0",C3res%,Residency in processor power state C3 during the reporting interval,Intel PCM CSV,%,derived from hardware counters,0.001 requested,Preserved Intel PCM field,"Drop rows where every numeric candidate is NaN; fill remaining NaN values with the feature's benign mean when available, otherwise the global feature mean; center by the same mean; exclude constant features."
A,DDR4,Core1 (Socket 0).14_C6res%,"Core 1, socket 0",C6res%,Residency in processor power state C6 during the reporting interval,Intel PCM CSV,%,derived from hardware counters,0.001 requested,Preserved Intel PCM field,"Drop rows where every numeric candidate is NaN; fill remaining NaN values with the feature's benign mean when available, otherwise the global feature mean; center by the same mean; exclude constant features."
A,DDR4,Core1 (Socket 0).15_C7res%,"Core 1, socket 0",C7res%,Residency in processor power state C7 during the reporting interval,Intel PCM CSV,%,derived from hardware counters,0.001 requested,Preserved Intel PCM field,"Drop rows where every numeric candidate is NaN; fill remaining NaN values with the feature's benign mean when available, otherwise the global feature mean; center by the same mean; exclude constant features."
A,DDR4,Core1 (Socket 0).16_TEMP,"Core 1, socket 0",TEMP,Thermal headroom relative to TjMax; zero corresponds to the maximum junction temperature,Intel PCM CSV,degree Celsius below TjMax,processor thermal sensor reported by Intel PCM,0.001 requested,Preserved Intel PCM field,"Drop rows where every numeric candidate is NaN; fill remaining NaN values with the feature's benign mean when available, otherwise the global feature mean; center by the same mean; exclude constant features."
A,DDR4,Core1 (Socket 0).17_INST,"Core 1, socket 0",INST,Retired instructions during the reporting interval,Intel PCM CSV,million instructions,counter delta scaled by Intel PCM,0.001 requested,Preserved Intel PCM field,"Drop rows where every numeric candidate is NaN; fill remaining NaN values with the feature's benign mean when available, otherwise the global feature mean; center by the same mean; exclude constant features."
A,DDR4,Core1 (Socket 0).18_ACYC,"Core 1, socket 0",ACYC,Unhalted core cycles during the reporting interval,Intel PCM CSV,million cycles,counter delta scaled by Intel PCM,0.001 requested,Preserved Intel PCM field,"Drop rows where every numeric candidate is NaN; fill remaining NaN values with the feature's benign mean when available, otherwise the global feature mean; center by the same mean; exclude constant features."
A,DDR4,Core1 (Socket 0).19_TIME(ticks),"Core 1, socket 0",TIME(ticks),Invariant timestamp counter ticks during the reporting interval,Intel PCM CSV,million ticks,counter delta scaled by Intel PCM,0.001 requested,Preserved Intel PCM field,"Drop rows where every numeric candidate is NaN; fill remaining NaN values with the feature's benign mean when available, otherwise the global feature mean; center by the same mean; exclude constant features."
A,DDR4,Core1 (Socket 0).20_PhysIPC,"Core 1, socket 0",PhysIPC,Instructions retired per physical core cycle,Intel PCM CSV,instructions/cycle,derived from hardware counters,0.001 requested,Preserved Intel PCM field,"Drop rows where every numeric candidate is NaN; fill remaining NaN values with the feature's benign mean when available, otherwise the global feature mean; center by the same mean; exclude constant features."
A,DDR4,Core1 (Socket 0).21_PhysIPC%,"Core 1, socket 0",PhysIPC%,Physical core IPC as a percentage of the processor maximum IPC,Intel PCM CSV,%,derived from hardware counters,0.001 requested,Preserved Intel PCM field,"Drop rows where every numeric candidate is NaN; fill remaining NaN values with the feature's benign mean when available, otherwise the global feature mean; center by the same mean; exclude constant features."
A,DDR4,Core1 (Socket 0).22_INSTnom,"Core 1, socket 0",INSTnom,Total instruction execution rate normalized to nominal cycles,Intel PCM CSV,instructions/nominal cycle,derived from hardware counters,0.001 requested,Preserved Intel PCM field,"Drop rows where every numeric candidate is NaN; fill remaining NaN values with the feature's benign mean when available, otherwise the global feature mean; center by the same mean; exclude constant features."
A,DDR4,Core1 (Socket 0).23_INSTnom%,"Core 1, socket 0",INSTnom%,Normalized instruction execution rate as a percentage of the processor maximum IPC,Intel PCM CSV,%,derived from hardware counters,0.001 requested,Preserved Intel PCM field,"Drop rows where every numeric candidate is NaN; fill remaining NaN values with the feature's benign mean when available, otherwise the global feature mean; center by the same mean; exclude constant features."
A,DDR4,Core2 (Socket 0)_EXEC,"Core 2, socket 0",EXEC,Instructions retired per nominal CPU cycle,Intel PCM CSV,ratio,derived from hardware counters,0.001 requested,Preserved Intel PCM field,"Drop rows where every numeric candidate is NaN; fill remaining NaN values with the feature's benign mean when available, otherwise the global feature mean; center by the same mean; exclude constant features."
A,DDR4,Core2 (Socket 0).1_IPC,"Core 2, socket 0",IPC,Instructions retired per unhalted CPU cycle,Intel PCM CSV,instructions/cycle,derived from hardware counters,0.001 requested,Preserved Intel PCM field,"Drop rows where every numeric candidate is NaN; fill remaining NaN values with the feature's benign mean when available, otherwise the global feature mean; center by the same mean; exclude constant features."
A,DDR4,Core2 (Socket 0).2_FREQ,"Core 2, socket 0",FREQ,Unhalted clock ticks divided by invariant timer ticks,Intel PCM CSV,ratio to nominal frequency,derived from hardware counters,0.001 requested,Preserved Intel PCM field,"Drop rows where every numeric candidate is NaN; fill remaining NaN values with the feature's benign mean when available, otherwise the global feature mean; center by the same mean; exclude constant features."
A,DDR4,Core2 (Socket 0).3_AFREQ,"Core 2, socket 0",AFREQ,Unhalted clock ticks divided by invariant timer ticks while the core is in C0,Intel PCM CSV,ratio to nominal frequency,derived from hardware counters,0.001 requested,Preserved Intel PCM field,"Drop rows where every numeric candidate is NaN; fill remaining NaN values with the feature's benign mean when available, otherwise the global feature mean; center by the same mean; exclude constant features."
A,DDR4,Core2 (Socket 0).4_CFREQ,"Core 2, socket 0",CFREQ,Average active core frequency,Intel PCM CSV,GHz,derived from hardware counters,0.001 requested,Preserved Intel PCM field,"Drop rows where every numeric candidate is NaN; fill remaining NaN values with the feature's benign mean when available, otherwise the global feature mean; center by the same mean; exclude constant features."
A,DDR4,Core2 (Socket 0).5_L3MISS,"Core 2, socket 0",L3MISS,L3 read cache misses during the reporting interval,Intel PCM CSV,million misses,counter delta scaled by Intel PCM,0.001 requested,Preserved Intel PCM field,"Drop rows where every numeric candidate is NaN; fill remaining NaN values with the feature's benign mean when available, otherwise the global feature mean; center by the same mean; exclude constant features."
A,DDR4,Core2 (Socket 0).6_L2MISS,"Core 2, socket 0",L2MISS,L2 read cache misses during the reporting interval; the PCM definition may include hits in another core's L2,Intel PCM CSV,million misses,counter delta scaled by Intel PCM,0.001 requested,Preserved Intel PCM field,"Drop rows where every numeric candidate is NaN; fill remaining NaN values with the feature's benign mean when available, otherwise the global feature mean; center by the same mean; exclude constant features."
A,DDR4,Core2 (Socket 0).7_L3HIT,"Core 2, socket 0",L3HIT,L3 read cache hit ratio,Intel PCM CSV,fraction,derived from hardware counters,0.001 requested,Preserved Intel PCM field,"Drop rows where every numeric candidate is NaN; fill remaining NaN values with the feature's benign mean when available, otherwise the global feature mean; center by the same mean; exclude constant features."
A,DDR4,Core2 (Socket 0).8_L2HIT,"Core 2, socket 0",L2HIT,L2 read cache hit ratio,Intel PCM CSV,fraction,derived from hardware counters,0.001 requested,Preserved Intel PCM field,"Drop rows where every numeric candidate is NaN; fill remaining NaN values with the feature's benign mean when available, otherwise the global feature mean; center by the same mean; exclude constant features."
A,DDR4,Core2 (Socket 0).9_L3MPI,"Core 2, socket 0",L3MPI,L3 read cache misses per retired instruction,Intel PCM CSV,misses/instruction,derived from hardware counters,0.001 requested,Preserved Intel PCM field,"Drop rows where every numeric candidate is NaN; fill remaining NaN values with the feature's benign mean when available, otherwise the global feature mean; center by the same mean; exclude constant features."
A,DDR4,Core2 (Socket 0).10_L2MPI,"Core 2, socket 0",L2MPI,L2 read cache misses per retired instruction,Intel PCM CSV,misses/instruction,derived from hardware counters,0.001 requested,Preserved Intel PCM field,"Drop rows where every numeric candidate is NaN; fill remaining NaN values with the feature's benign mean when available, otherwise the global feature mean; center by the same mean; exclude constant features."
A,DDR4,Core2 (Socket 0).11_C0res%,"Core 2, socket 0",C0res%,Residency in processor power state C0 during the reporting interval,Intel PCM CSV,%,derived from hardware counters,0.001 requested,Preserved Intel PCM field,"Drop rows where every numeric candidate is NaN; fill remaining NaN values with the feature's benign mean when available, otherwise the global feature mean; center by the same mean; exclude constant features."
A,DDR4,Core2 (Socket 0).12_C1res%,"Core 2, socket 0",C1res%,Residency in processor power state C1 during the reporting interval,Intel PCM CSV,%,derived from hardware counters,0.001 requested,Preserved Intel PCM field,"Drop rows where every numeric candidate is NaN; fill remaining NaN values with the feature's benign mean when available, otherwise the global feature mean; center by the same mean; exclude constant features."
A,DDR4,Core2 (Socket 0).13_C3res%,"Core 2, socket 0",C3res%,Residency in processor power state C3 during the reporting interval,Intel PCM CSV,%,derived from hardware counters,0.001 requested,Preserved Intel PCM field,"Drop rows where every numeric candidate is NaN; fill remaining NaN values with the feature's benign mean when available, otherwise the global feature mean; center by the same mean; exclude constant features."
A,DDR4,Core2 (Socket 0).14_C6res%,"Core 2, socket 0",C6res%,Residency in processor power state C6 during the reporting interval,Intel PCM CSV,%,derived from hardware counters,0.001 requested,Preserved Intel PCM field,"Drop rows where every numeric candidate is NaN; fill remaining NaN values with the feature's benign mean when available, otherwise the global feature mean; center by the same mean; exclude constant features."
A,DDR4,Core2 (Socket 0).15_C7res%,"Core 2, socket 0",C7res%,Residency in processor power state C7 during the reporting interval,Intel PCM CSV,%,derived from hardware counters,0.001 requested,Preserved Intel PCM field,"Drop rows where every numeric candidate is NaN; fill remaining NaN values with the feature's benign mean when available, otherwise the global feature mean; center by the same mean; exclude constant features."
A,DDR4,Core2 (Socket 0).16_TEMP,"Core 2, socket 0",TEMP,Thermal headroom relative to TjMax; zero corresponds to the maximum junction temperature,Intel PCM CSV,degree Celsius below TjMax,processor thermal sensor reported by Intel PCM,0.001 requested,Preserved Intel PCM field,"Drop rows where every numeric candidate is NaN; fill remaining NaN values with the feature's benign mean when available, otherwise the global feature mean; center by the same mean; exclude constant features."
A,DDR4,Core2 (Socket 0).17_INST,"Core 2, socket 0",INST,Retired instructions during the reporting interval,Intel PCM CSV,million instructions,counter delta scaled by Intel PCM,0.001 requested,Preserved Intel PCM field,"Drop rows where every numeric candidate is NaN; fill remaining NaN values with the feature's benign mean when available, otherwise the global feature mean; center by the same mean; exclude constant features."
A,DDR4,Core2 (Socket 0).18_ACYC,"Core 2, socket 0",ACYC,Unhalted core cycles during the reporting interval,Intel PCM CSV,million cycles,counter delta scaled by Intel PCM,0.001 requested,Preserved Intel PCM field,"Drop rows where every numeric candidate is NaN; fill remaining NaN values with the feature's benign mean when available, otherwise the global feature mean; center by the same mean; exclude constant features."
A,DDR4,Core2 (Socket 0).19_TIME(ticks),"Core 2, socket 0",TIME(ticks),Invariant timestamp counter ticks during the reporting interval,Intel PCM CSV,million ticks,counter delta scaled by Intel PCM,0.001 requested,Preserved Intel PCM field,"Drop rows where every numeric candidate is NaN; fill remaining NaN values with the feature's benign mean when available, otherwise the global feature mean; center by the same mean; exclude constant features."
A,DDR4,Core2 (Socket 0).20_PhysIPC,"Core 2, socket 0",PhysIPC,Instructions retired per physical core cycle,Intel PCM CSV,instructions/cycle,derived from hardware counters,0.001 requested,Preserved Intel PCM field,"Drop rows where every numeric candidate is NaN; fill remaining NaN values with the feature's benign mean when available, otherwise the global feature mean; center by the same mean; exclude constant features."
A,DDR4,Core2 (Socket 0).21_PhysIPC%,"Core 2, socket 0",PhysIPC%,Physical core IPC as a percentage of the processor maximum IPC,Intel PCM CSV,%,derived from hardware counters,0.001 requested,Preserved Intel PCM field,"Drop rows where every numeric candidate is NaN; fill remaining NaN values with the feature's benign mean when available, otherwise the global feature mean; center by the same mean; exclude constant features."
A,DDR4,Core2 (Socket 0).22_INSTnom,"Core 2, socket 0",INSTnom,Total instruction execution rate normalized to nominal cycles,Intel PCM CSV,instructions/nominal cycle,derived from hardware counters,0.001 requested,Preserved Intel PCM field,"Drop rows where every numeric candidate is NaN; fill remaining NaN values with the feature's benign mean when available, otherwise the global feature mean; center by the same mean; exclude constant features."
A,DDR4,Core2 (Socket 0).23_INSTnom%,"Core 2, socket 0",INSTnom%,Normalized instruction execution rate as a percentage of the processor maximum IPC,Intel PCM CSV,%,derived from hardware counters,0.001 requested,Preserved Intel PCM field,"Drop rows where every numeric candidate is NaN; fill remaining NaN values with the feature's benign mean when available, otherwise the global feature mean; center by the same mean; exclude constant features."
A,DDR4,Core3 (Socket 0)_EXEC,"Core 3, socket 0",EXEC,Instructions retired per nominal CPU cycle,Intel PCM CSV,ratio,derived from hardware counters,0.001 requested,Preserved Intel PCM field,"Drop rows where every numeric candidate is NaN; fill remaining NaN values with the feature's benign mean when available, otherwise the global feature mean; center by the same mean; exclude constant features."
A,DDR4,Core3 (Socket 0).1_IPC,"Core 3, socket 0",IPC,Instructions retired per unhalted CPU cycle,Intel PCM CSV,instructions/cycle,derived from hardware counters,0.001 requested,Preserved Intel PCM field,"Drop rows where every numeric candidate is NaN; fill remaining NaN values with the feature's benign mean when available, otherwise the global feature mean; center by the same mean; exclude constant features."
A,DDR4,Core3 (Socket 0).2_FREQ,"Core 3, socket 0",FREQ,Unhalted clock ticks divided by invariant timer ticks,Intel PCM CSV,ratio to nominal frequency,derived from hardware counters,0.001 requested,Preserved Intel PCM field,"Drop rows where every numeric candidate is NaN; fill remaining NaN values with the feature's benign mean when available, otherwise the global feature mean; center by the same mean; exclude constant features."
A,DDR4,Core3 (Socket 0).3_AFREQ,"Core 3, socket 0",AFREQ,Unhalted clock ticks divided by invariant timer ticks while the core is in C0,Intel PCM CSV,ratio to nominal frequency,derived from hardware counters,0.001 requested,Preserved Intel PCM field,"Drop rows where every numeric candidate is NaN; fill remaining NaN values with the feature's benign mean when available, otherwise the global feature mean; center by the same mean; exclude constant features."
A,DDR4,Core3 (Socket 0).4_CFREQ,"Core 3, socket 0",CFREQ,Average active core frequency,Intel PCM CSV,GHz,derived from hardware counters,0.001 requested,Preserved Intel PCM field,"Drop rows where every numeric candidate is NaN; fill remaining NaN values with the feature's benign mean when available, otherwise the global feature mean; center by the same mean; exclude constant features."
A,DDR4,Core3 (Socket 0).5_L3MISS,"Core 3, socket 0",L3MISS,L3 read cache misses during the reporting interval,Intel PCM CSV,million misses,counter delta scaled by Intel PCM,0.001 requested,Preserved Intel PCM field,"Drop rows where every numeric candidate is NaN; fill remaining NaN values with the feature's benign mean when available, otherwise the global feature mean; center by the same mean; exclude constant features."
A,DDR4,Core3 (Socket 0).6_L2MISS,"Core 3, socket 0",L2MISS,L2 read cache misses during the reporting interval; the PCM definition may include hits in another core's L2,Intel PCM CSV,million misses,counter delta scaled by Intel PCM,0.001 requested,Preserved Intel PCM field,"Drop rows where every numeric candidate is NaN; fill remaining NaN values with the feature's benign mean when available, otherwise the global feature mean; center by the same mean; exclude constant features."
A,DDR4,Core3 (Socket 0).7_L3HIT,"Core 3, socket 0",L3HIT,L3 read cache hit ratio,Intel PCM CSV,fraction,derived from hardware counters,0.001 requested,Preserved Intel PCM field,"Drop rows where every numeric candidate is NaN; fill remaining NaN values with the feature's benign mean when available, otherwise the global feature mean; center by the same mean; exclude constant features."
A,DDR4,Core3 (Socket 0).8_L2HIT,"Core 3, socket 0",L2HIT,L2 read cache hit ratio,Intel PCM CSV,fraction,derived from hardware counters,0.001 requested,Preserved Intel PCM field,"Drop rows where every numeric candidate is NaN; fill remaining NaN values with the feature's benign mean when available, otherwise the global feature mean; center by the same mean; exclude constant features."
A,DDR4,Core3 (Socket 0).9_L3MPI,"Core 3, socket 0",L3MPI,L3 read cache misses per retired instruction,Intel PCM CSV,misses/instruction,derived from hardware counters,0.001 requested,Preserved Intel PCM field,"Drop rows where every numeric candidate is NaN; fill remaining NaN values with the feature's benign mean when available, otherwise the global feature mean; center by the same mean; exclude constant features."
A,DDR4,Core3 (Socket 0).10_L2MPI,"Core 3, socket 0",L2MPI,L2 read cache misses per retired instruction,Intel PCM CSV,misses/instruction,derived from hardware counters,0.001 requested,Preserved Intel PCM field,"Drop rows where every numeric candidate is NaN; fill remaining NaN values with the feature's benign mean when available, otherwise the global feature mean; center by the same mean; exclude constant features."
A,DDR4,Core3 (Socket 0).11_C0res%,"Core 3, socket 0",C0res%,Residency in processor power state C0 during the reporting interval,Intel PCM CSV,%,derived from hardware counters,0.001 requested,Preserved Intel PCM field,"Drop rows where every numeric candidate is NaN; fill remaining NaN values with the feature's benign mean when available, otherwise the global feature mean; center by the same mean; exclude constant features."
A,DDR4,Core3 (Socket 0).12_C1res%,"Core 3, socket 0",C1res%,Residency in processor power state C1 during the reporting interval,Intel PCM CSV,%,derived from hardware counters,0.001 requested,Preserved Intel PCM field,"Drop rows where every numeric candidate is NaN; fill remaining NaN values with the feature's benign mean when available, otherwise the global feature mean; center by the same mean; exclude constant features."
A,DDR4,Core3 (Socket 0).13_C3res%,"Core 3, socket 0",C3res%,Residency in processor power state C3 during the reporting interval,Intel PCM CSV,%,derived from hardware counters,0.001 requested,Preserved Intel PCM field,"Drop rows where every numeric candidate is NaN; fill remaining NaN values with the feature's benign mean when available, otherwise the global feature mean; center by the same mean; exclude constant features."
A,DDR4,Core3 (Socket 0).14_C6res%,"Core 3, socket 0",C6res%,Residency in processor power state C6 during the reporting interval,Intel PCM CSV,%,derived from hardware counters,0.001 requested,Preserved Intel PCM field,"Drop rows where every numeric candidate is NaN; fill remaining NaN values with the feature's benign mean when available, otherwise the global feature mean; center by the same mean; exclude constant features."
A,DDR4,Core3 (Socket 0).15_C7res%,"Core 3, socket 0",C7res%,Residency in processor power state C7 during the reporting interval,Intel PCM CSV,%,derived from hardware counters,0.001 requested,Preserved Intel PCM field,"Drop rows where every numeric candidate is NaN; fill remaining NaN values with the feature's benign mean when available, otherwise the global feature mean; center by the same mean; exclude constant features."
A,DDR4,Core3 (Socket 0).16_TEMP,"Core 3, socket 0",TEMP,Thermal headroom relative to TjMax; zero corresponds to the maximum junction temperature,Intel PCM CSV,degree Celsius below TjMax,processor thermal sensor reported by Intel PCM,0.001 requested,Preserved Intel PCM field,"Drop rows where every numeric candidate is NaN; fill remaining NaN values with the feature's benign mean when available, otherwise the global feature mean; center by the same mean; exclude constant features."
A,DDR4,Core3 (Socket 0).17_INST,"Core 3, socket 0",INST,Retired instructions during the reporting interval,Intel PCM CSV,million instructions,counter delta scaled by Intel PCM,0.001 requested,Preserved Intel PCM field,"Drop rows where every numeric candidate is NaN; fill remaining NaN values with the feature's benign mean when available, otherwise the global feature mean; center by the same mean; exclude constant features."
A,DDR4,Core3 (Socket 0).18_ACYC,"Core 3, socket 0",ACYC,Unhalted core cycles during the reporting interval,Intel PCM CSV,million cycles,counter delta scaled by Intel PCM,0.001 requested,Preserved Intel PCM field,"Drop rows where every numeric candidate is NaN; fill remaining NaN values with the feature's benign mean when available, otherwise the global feature mean; center by the same mean; exclude constant features."
A,DDR4,Core3 (Socket 0).19_TIME(ticks),"Core 3, socket 0",TIME(ticks),Invariant timestamp counter ticks during the reporting interval,Intel PCM CSV,million ticks,counter delta scaled by Intel PCM,0.001 requested,Preserved Intel PCM field,"Drop rows where every numeric candidate is NaN; fill remaining NaN values with the feature's benign mean when available, otherwise the global feature mean; center by the same mean; exclude constant features."
A,DDR4,Core3 (Socket 0).20_PhysIPC,"Core 3, socket 0",PhysIPC,Instructions retired per physical core cycle,Intel PCM CSV,instructions/cycle,derived from hardware counters,0.001 requested,Preserved Intel PCM field,"Drop rows where every numeric candidate is NaN; fill remaining NaN values with the feature's benign mean when available, otherwise the global feature mean; center by the same mean; exclude constant features."
A,DDR4,Core3 (Socket 0).21_PhysIPC%,"Core 3, socket 0",PhysIPC%,Physical core IPC as a percentage of the processor maximum IPC,Intel PCM CSV,%,derived from hardware counters,0.001 requested,Preserved Intel PCM field,"Drop rows where every numeric candidate is NaN; fill remaining NaN values with the feature's benign mean when available, otherwise the global feature mean; center by the same mean; exclude constant features."
A,DDR4,Core3 (Socket 0).22_INSTnom,"Core 3, socket 0",INSTnom,Total instruction execution rate normalized to nominal cycles,Intel PCM CSV,instructions/nominal cycle,derived from hardware counters,0.001 requested,Preserved Intel PCM field,"Drop rows where every numeric candidate is NaN; fill remaining NaN values with the feature's benign mean when available, otherwise the global feature mean; center by the same mean; exclude constant features."
A,DDR4,Core3 (Socket 0).23_INSTnom%,"Core 3, socket 0",INSTnom%,Normalized instruction execution rate as a percentage of the processor maximum IPC,Intel PCM CSV,%,derived from hardware counters,0.001 requested,Preserved Intel PCM field,"Drop rows where every numeric candidate is NaN; fill remaining NaN values with the feature's benign mean when available, otherwise the global feature mean; center by the same mean; exclude constant features."
A,DDR4,CPU Voltage,System,CPU Voltage,Voltage encoded in bits 47:32 of MSR 0x198 and converted as encoded value divided by 8192,MSR 0x198 via rdmsr; historical helper absent,V,derived from a model specific register,not preserved for historical traces,"Processed field is preserved, but the original helper interval was not recorded","Drop rows where every numeric candidate is NaN; fill remaining NaN values with the feature's benign mean when available, otherwise the global feature mean; center by the same mean; exclude constant features."
A,DDR4,TEMP_CORE_0,Auxiliary core label 0,Auxiliary temperature,Auxiliary operating temperature associated with the preserved column label,Historical chip and label mapping not preserved; restored collector uses lm-sensors sensors -u,degree Celsius,measured by an auxiliary temperature collector,not preserved for historical traces,"Processed field is preserved, but the original sensor chip and feature mapping was not recorded","Drop rows where every numeric candidate is NaN; fill remaining NaN values with the feature's benign mean when available, otherwise the global feature mean; center by the same mean; exclude constant features."
A,DDR4,TEMP_CORE_1,Auxiliary core label 1,Auxiliary temperature,Auxiliary operating temperature associated with the preserved column label,Historical chip and label mapping not preserved; restored collector uses lm-sensors sensors -u,degree Celsius,measured by an auxiliary temperature collector,not preserved for historical traces,"Processed field is preserved, but the original sensor chip and feature mapping was not recorded","Drop rows where every numeric candidate is NaN; fill remaining NaN values with the feature's benign mean when available, otherwise the global feature mean; center by the same mean; exclude constant features."
A,DDR4,TEMP_CORE_2,Auxiliary core label 2,Auxiliary temperature,Auxiliary operating temperature associated with the preserved column label,Historical chip and label mapping not preserved; restored collector uses lm-sensors sensors -u,degree Celsius,measured by an auxiliary temperature collector,not preserved for historical traces,"Processed field is preserved, but the original sensor chip and feature mapping was not recorded","Drop rows where every numeric candidate is NaN; fill remaining NaN values with the feature's benign mean when available, otherwise the global feature mean; center by the same mean; exclude constant features."
A,DDR4,TEMP_CORE_3,Auxiliary core label 3,Auxiliary temperature,Auxiliary operating temperature associated with the preserved column label,Historical chip and label mapping not preserved; restored collector uses lm-sensors sensors -u,degree Celsius,measured by an auxiliary temperature collector,not preserved for historical traces,"Processed field is preserved, but the original sensor chip and feature mapping was not recorded","Drop rows where every numeric candidate is NaN; fill remaining NaN values with the feature's benign mean when available, otherwise the global feature mean; center by the same mean; exclude constant features."
A,DDR4,TEMP_ACPI_1,Auxiliary ACPI label 1,Auxiliary temperature,Auxiliary operating temperature associated with the preserved column label,Historical chip and label mapping not preserved; restored collector uses lm-sensors sensors -u,degree Celsius,measured by an auxiliary temperature collector,not preserved for historical traces,"Processed field is preserved, but the original sensor chip and feature mapping was not recorded","Drop rows where every numeric candidate is NaN; fill remaining NaN values with the feature's benign mean when available, otherwise the global feature mean; center by the same mean; exclude constant features."
A,DDR4,TEMP_ACPI_2,Auxiliary ACPI label 2,Auxiliary temperature,Auxiliary operating temperature associated with the preserved column label,Historical chip and label mapping not preserved; restored collector uses lm-sensors sensors -u,degree Celsius,measured by an auxiliary temperature collector,not preserved for historical traces,"Processed field is preserved, but the original sensor chip and feature mapping was not recorded","Drop rows where every numeric candidate is NaN; fill remaining NaN values with the feature's benign mean when available, otherwise the global feature mean; center by the same mean; exclude constant features."
A,DDR4,TEMP_PCI_1,Auxiliary PCI label 1,Auxiliary temperature,Auxiliary operating temperature associated with the preserved column label,Historical chip and label mapping not preserved; restored collector uses lm-sensors sensors -u,degree Celsius,measured by an auxiliary temperature collector,not preserved for historical traces,"Processed field is preserved, but the original sensor chip and feature mapping was not recorded","Drop rows where every numeric candidate is NaN; fill remaining NaN values with the feature's benign mean when available, otherwise the global feature mean; center by the same mean; exclude constant features."
A,DDR4,TEMP_PCI_2,Auxiliary PCI label 2,Auxiliary temperature,Auxiliary operating temperature associated with the preserved column label,Historical chip and label mapping not preserved; restored collector uses lm-sensors sensors -u,degree Celsius,measured by an auxiliary temperature collector,not preserved for historical traces,"Processed field is preserved, but the original sensor chip and feature mapping was not recorded","Drop rows where every numeric candidate is NaN; fill remaining NaN values with the feature's benign mean when available, otherwise the global feature mean; center by the same mean; exclude constant features."
B,DDR5,System.2_EXEC,System,EXEC,Instructions retired per nominal CPU cycle,Intel PCM CSV,ratio,derived from hardware counters,0.001 requested,Preserved Intel PCM field,"Drop rows where every numeric candidate is NaN; fill remaining NaN values with the feature's benign mean when available, otherwise the global feature mean; center by the same mean; exclude constant features."
B,DDR5,System.3_IPC,System,IPC,Instructions retired per unhalted CPU cycle,Intel PCM CSV,instructions/cycle,derived from hardware counters,0.001 requested,Preserved Intel PCM field,"Drop rows where every numeric candidate is NaN; fill remaining NaN values with the feature's benign mean when available, otherwise the global feature mean; center by the same mean; exclude constant features."
B,DDR5,System.4_FREQ,System,FREQ,Unhalted clock ticks divided by invariant timer ticks,Intel PCM CSV,ratio to nominal frequency,derived from hardware counters,0.001 requested,Preserved Intel PCM field,"Drop rows where every numeric candidate is NaN; fill remaining NaN values with the feature's benign mean when available, otherwise the global feature mean; center by the same mean; exclude constant features."
B,DDR5,System.5_AFREQ,System,AFREQ,Unhalted clock ticks divided by invariant timer ticks while the core is in C0,Intel PCM CSV,ratio to nominal frequency,derived from hardware counters,0.001 requested,Preserved Intel PCM field,"Drop rows where every numeric candidate is NaN; fill remaining NaN values with the feature's benign mean when available, otherwise the global feature mean; center by the same mean; exclude constant features."
B,DDR5,System.6_CFREQ,System,CFREQ,Average active core frequency,Intel PCM CSV,GHz,derived from hardware counters,0.001 requested,Preserved Intel PCM field,"Drop rows where every numeric candidate is NaN; fill remaining NaN values with the feature's benign mean when available, otherwise the global feature mean; center by the same mean; exclude constant features."
B,DDR5,System.7_L3MISS,System,L3MISS,L3 read cache misses during the reporting interval,Intel PCM CSV,million misses,counter delta scaled by Intel PCM,0.001 requested,Preserved Intel PCM field,"Drop rows where every numeric candidate is NaN; fill remaining NaN values with the feature's benign mean when available, otherwise the global feature mean; center by the same mean; exclude constant features."
B,DDR5,System.8_L2MISS,System,L2MISS,L2 read cache misses during the reporting interval; the PCM definition may include hits in another core's L2,Intel PCM CSV,million misses,counter delta scaled by Intel PCM,0.001 requested,Preserved Intel PCM field,"Drop rows where every numeric candidate is NaN; fill remaining NaN values with the feature's benign mean when available, otherwise the global feature mean; center by the same mean; exclude constant features."
B,DDR5,System.9_L3HIT,System,L3HIT,L3 read cache hit ratio,Intel PCM CSV,fraction,derived from hardware counters,0.001 requested,Preserved Intel PCM field,"Drop rows where every numeric candidate is NaN; fill remaining NaN values with the feature's benign mean when available, otherwise the global feature mean; center by the same mean; exclude constant features."
B,DDR5,System.10_L2HIT,System,L2HIT,L2 read cache hit ratio,Intel PCM CSV,fraction,derived from hardware counters,0.001 requested,Preserved Intel PCM field,"Drop rows where every numeric candidate is NaN; fill remaining NaN values with the feature's benign mean when available, otherwise the global feature mean; center by the same mean; exclude constant features."
B,DDR5,System.11_L3MPI,System,L3MPI,L3 read cache misses per retired instruction,Intel PCM CSV,misses/instruction,derived from hardware counters,0.001 requested,Preserved Intel PCM field,"Drop rows where every numeric candidate is NaN; fill remaining NaN values with the feature's benign mean when available, otherwise the global feature mean; center by the same mean; exclude constant features."
B,DDR5,System.12_L2MPI,System,L2MPI,L2 read cache misses per retired instruction,Intel PCM CSV,misses/instruction,derived from hardware counters,0.001 requested,Preserved Intel PCM field,"Drop rows where every numeric candidate is NaN; fill remaining NaN values with the feature's benign mean when available, otherwise the global feature mean; center by the same mean; exclude constant features."
B,DDR5,System.13_READ,System,READ,Bytes read from the memory controller during the reporting interval,Intel PCM CSV,GB,counter delta scaled by Intel PCM,0.001 requested,Preserved Intel PCM field,"Drop rows where every numeric candidate is NaN; fill remaining NaN values with the feature's benign mean when available, otherwise the global feature mean; center by the same mean; exclude constant features."
B,DDR5,System.14_WRITE,System,WRITE,Bytes written to the memory controller during the reporting interval,Intel PCM CSV,GB,counter delta scaled by Intel PCM,0.001 requested,Preserved Intel PCM field,"Drop rows where every numeric candidate is NaN; fill remaining NaN values with the feature's benign mean when available, otherwise the global feature mean; center by the same mean; exclude constant features."
B,DDR5,System.15_INST,System,INST,Retired instructions during the reporting interval,Intel PCM CSV,million instructions,counter delta scaled by Intel PCM,0.001 requested,Preserved Intel PCM field,"Drop rows where every numeric candidate is NaN; fill remaining NaN values with the feature's benign mean when available, otherwise the global feature mean; center by the same mean; exclude constant features."
B,DDR5,System.16_ACYC,System,ACYC,Unhalted core cycles during the reporting interval,Intel PCM CSV,million cycles,counter delta scaled by Intel PCM,0.001 requested,Preserved Intel PCM field,"Drop rows where every numeric candidate is NaN; fill remaining NaN values with the feature's benign mean when available, otherwise the global feature mean; center by the same mean; exclude constant features."
B,DDR5,System.17_TIME(ticks),System,TIME(ticks),Invariant timestamp counter ticks during the reporting interval,Intel PCM CSV,million ticks,counter delta scaled by Intel PCM,0.001 requested,Preserved Intel PCM field,"Drop rows where every numeric candidate is NaN; fill remaining NaN values with the feature's benign mean when available, otherwise the global feature mean; center by the same mean; exclude constant features."
B,DDR5,System.18_PhysIPC,System,PhysIPC,Instructions retired per physical core cycle,Intel PCM CSV,instructions/cycle,derived from hardware counters,0.001 requested,Preserved Intel PCM field,"Drop rows where every numeric candidate is NaN; fill remaining NaN values with the feature's benign mean when available, otherwise the global feature mean; center by the same mean; exclude constant features."
B,DDR5,System.19_PhysIPC%,System,PhysIPC%,Physical core IPC as a percentage of the processor maximum IPC,Intel PCM CSV,%,derived from hardware counters,0.001 requested,Preserved Intel PCM field,"Drop rows where every numeric candidate is NaN; fill remaining NaN values with the feature's benign mean when available, otherwise the global feature mean; center by the same mean; exclude constant features."
B,DDR5,System.20_INSTnom,System,INSTnom,Total instruction execution rate normalized to nominal cycles,Intel PCM CSV,instructions/nominal cycle,derived from hardware counters,0.001 requested,Preserved Intel PCM field,"Drop rows where every numeric candidate is NaN; fill remaining NaN values with the feature's benign mean when available, otherwise the global feature mean; center by the same mean; exclude constant features."
B,DDR5,System.21_INSTnom%,System,INSTnom%,Normalized instruction execution rate as a percentage of the processor maximum IPC,Intel PCM CSV,%,derived from hardware counters,0.001 requested,Preserved Intel PCM field,"Drop rows where every numeric candidate is NaN; fill remaining NaN values with the feature's benign mean when available, otherwise the global feature mean; center by the same mean; exclude constant features."
B,DDR5,System Core C-States_C0res%,System core state aggregate,C0res%,Residency in processor power state C0 during the reporting interval,Intel PCM CSV,%,derived from hardware counters,0.001 requested,Preserved Intel PCM field,"Drop rows where every numeric candidate is NaN; fill remaining NaN values with the feature's benign mean when available, otherwise the global feature mean; center by the same mean; exclude constant features."
B,DDR5,System Core C-States.1_C1res%,System core state aggregate,C1res%,Residency in processor power state C1 during the reporting interval,Intel PCM CSV,%,derived from hardware counters,0.001 requested,Preserved Intel PCM field,"Drop rows where every numeric candidate is NaN; fill remaining NaN values with the feature's benign mean when available, otherwise the global feature mean; center by the same mean; exclude constant features."
B,DDR5,System Core C-States.2_C3res%,System core state aggregate,C3res%,Residency in processor power state C3 during the reporting interval,Intel PCM CSV,%,derived from hardware counters,0.001 requested,Preserved Intel PCM field,"Drop rows where every numeric candidate is NaN; fill remaining NaN values with the feature's benign mean when available, otherwise the global feature mean; center by the same mean; exclude constant features."
B,DDR5,System Core C-States.3_C6res%,System core state aggregate,C6res%,Residency in processor power state C6 during the reporting interval,Intel PCM CSV,%,derived from hardware counters,0.001 requested,Preserved Intel PCM field,"Drop rows where every numeric candidate is NaN; fill remaining NaN values with the feature's benign mean when available, otherwise the global feature mean; center by the same mean; exclude constant features."
B,DDR5,System Core C-States.4_C7res%,System core state aggregate,C7res%,Residency in processor power state C7 during the reporting interval,Intel PCM CSV,%,derived from hardware counters,0.001 requested,Preserved Intel PCM field,"Drop rows where every numeric candidate is NaN; fill remaining NaN values with the feature's benign mean when available, otherwise the global feature mean; center by the same mean; exclude constant features."
B,DDR5,System Pack C-States_C0res%,System package state aggregate,C0res%,Residency in processor power state C0 during the reporting interval,Intel PCM CSV,%,derived from hardware counters,0.001 requested,Preserved Intel PCM field,"Drop rows where every numeric candidate is NaN; fill remaining NaN values with the feature's benign mean when available, otherwise the global feature mean; center by the same mean; exclude constant features."
B,DDR5,System Pack C-States.1_C2res%,System package state aggregate,C2res%,Residency in processor power state C2 during the reporting interval,Intel PCM CSV,%,derived from hardware counters,0.001 requested,Preserved Intel PCM field,"Drop rows where every numeric candidate is NaN; fill remaining NaN values with the feature's benign mean when available, otherwise the global feature mean; center by the same mean; exclude constant features."
B,DDR5,System Pack C-States.2_C4res%,System package state aggregate,C4res%,Residency in processor power state C4 during the reporting interval,Intel PCM CSV,%,derived from hardware counters,0.001 requested,Preserved Intel PCM field,"Drop rows where every numeric candidate is NaN; fill remaining NaN values with the feature's benign mean when available, otherwise the global feature mean; center by the same mean; exclude constant features."
B,DDR5,System Pack C-States.3_C6res%,System package state aggregate,C6res%,Residency in processor power state C6 during the reporting interval,Intel PCM CSV,%,derived from hardware counters,0.001 requested,Preserved Intel PCM field,"Drop rows where every numeric candidate is NaN; fill remaining NaN values with the feature's benign mean when available, otherwise the global feature mean; center by the same mean; exclude constant features."
B,DDR5,System.22_Proc Energy (Joules),System,Proc Energy (Joules),Processor package energy consumed during the reporting interval,Intel PCM CSV,J,counter delta from the processor energy interface,0.001 requested,Preserved Intel PCM field,"Drop rows where every numeric candidate is NaN; fill remaining NaN values with the feature's benign mean when available, otherwise the global feature mean; center by the same mean; exclude constant features."
B,DDR5,System.23_Power Plane 0 Energy (Joules),System,Power Plane 0 Energy (Joules),Power Plane 0 energy consumed during the reporting interval,Intel PCM CSV,J,counter delta from the processor energy interface,0.001 requested,Preserved Intel PCM field,"Drop rows where every numeric candidate is NaN; fill remaining NaN values with the feature's benign mean when available, otherwise the global feature mean; center by the same mean; exclude constant features."
B,DDR5,System.24_Power Plane 1 Energy (Joules),System,Power Plane 1 Energy (Joules),Power Plane 1 energy consumed during the reporting interval,Intel PCM CSV,J,counter delta from the processor energy interface,0.001 requested,Preserved Intel PCM field,"Drop rows where every numeric candidate is NaN; fill remaining NaN values with the feature's benign mean when available, otherwise the global feature mean; center by the same mean; exclude constant features."
B,DDR5,Socket 0_EXEC,Socket 0,EXEC,Instructions retired per nominal CPU cycle,Intel PCM CSV,ratio,derived from hardware counters,0.001 requested,Preserved Intel PCM field,"Drop rows where every numeric candidate is NaN; fill remaining NaN values with the feature's benign mean when available, otherwise the global feature mean; center by the same mean; exclude constant features."
B,DDR5,Socket 0.1_IPC,Socket 0,IPC,Instructions retired per unhalted CPU cycle,Intel PCM CSV,instructions/cycle,derived from hardware counters,0.001 requested,Preserved Intel PCM field,"Drop rows where every numeric candidate is NaN; fill remaining NaN values with the feature's benign mean when available, otherwise the global feature mean; center by the same mean; exclude constant features."
B,DDR5,Socket 0.2_FREQ,Socket 0,FREQ,Unhalted clock ticks divided by invariant timer ticks,Intel PCM CSV,ratio to nominal frequency,derived from hardware counters,0.001 requested,Preserved Intel PCM field,"Drop rows where every numeric candidate is NaN; fill remaining NaN values with the feature's benign mean when available, otherwise the global feature mean; center by the same mean; exclude constant features."
B,DDR5,Socket 0.3_AFREQ,Socket 0,AFREQ,Unhalted clock ticks divided by invariant timer ticks while the core is in C0,Intel PCM CSV,ratio to nominal frequency,derived from hardware counters,0.001 requested,Preserved Intel PCM field,"Drop rows where every numeric candidate is NaN; fill remaining NaN values with the feature's benign mean when available, otherwise the global feature mean; center by the same mean; exclude constant features."
B,DDR5,Socket 0.4_CFREQ,Socket 0,CFREQ,Average active core frequency,Intel PCM CSV,GHz,derived from hardware counters,0.001 requested,Preserved Intel PCM field,"Drop rows where every numeric candidate is NaN; fill remaining NaN values with the feature's benign mean when available, otherwise the global feature mean; center by the same mean; exclude constant features."
B,DDR5,Socket 0.5_L3MISS,Socket 0,L3MISS,L3 read cache misses during the reporting interval,Intel PCM CSV,million misses,counter delta scaled by Intel PCM,0.001 requested,Preserved Intel PCM field,"Drop rows where every numeric candidate is NaN; fill remaining NaN values with the feature's benign mean when available, otherwise the global feature mean; center by the same mean; exclude constant features."
B,DDR5,Socket 0.6_L2MISS,Socket 0,L2MISS,L2 read cache misses during the reporting interval; the PCM definition may include hits in another core's L2,Intel PCM CSV,million misses,counter delta scaled by Intel PCM,0.001 requested,Preserved Intel PCM field,"Drop rows where every numeric candidate is NaN; fill remaining NaN values with the feature's benign mean when available, otherwise the global feature mean; center by the same mean; exclude constant features."
B,DDR5,Socket 0.7_L3HIT,Socket 0,L3HIT,L3 read cache hit ratio,Intel PCM CSV,fraction,derived from hardware counters,0.001 requested,Preserved Intel PCM field,"Drop rows where every numeric candidate is NaN; fill remaining NaN values with the feature's benign mean when available, otherwise the global feature mean; center by the same mean; exclude constant features."
B,DDR5,Socket 0.8_L2HIT,Socket 0,L2HIT,L2 read cache hit ratio,Intel PCM CSV,fraction,derived from hardware counters,0.001 requested,Preserved Intel PCM field,"Drop rows where every numeric candidate is NaN; fill remaining NaN values with the feature's benign mean when available, otherwise the global feature mean; center by the same mean; exclude constant features."
B,DDR5,Socket 0.9_L3MPI,Socket 0,L3MPI,L3 read cache misses per retired instruction,Intel PCM CSV,misses/instruction,derived from hardware counters,0.001 requested,Preserved Intel PCM field,"Drop rows where every numeric candidate is NaN; fill remaining NaN values with the feature's benign mean when available, otherwise the global feature mean; center by the same mean; exclude constant features."
B,DDR5,Socket 0.10_L2MPI,Socket 0,L2MPI,L2 read cache misses per retired instruction,Intel PCM CSV,misses/instruction,derived from hardware counters,0.001 requested,Preserved Intel PCM field,"Drop rows where every numeric candidate is NaN; fill remaining NaN values with the feature's benign mean when available, otherwise the global feature mean; center by the same mean; exclude constant features."
B,DDR5,Socket 0.11_READ,Socket 0,READ,Bytes read from the memory controller during the reporting interval,Intel PCM CSV,GB,counter delta scaled by Intel PCM,0.001 requested,Preserved Intel PCM field,"Drop rows where every numeric candidate is NaN; fill remaining NaN values with the feature's benign mean when available, otherwise the global feature mean; center by the same mean; exclude constant features."
B,DDR5,Socket 0.12_WRITE,Socket 0,WRITE,Bytes written to the memory controller during the reporting interval,Intel PCM CSV,GB,counter delta scaled by Intel PCM,0.001 requested,Preserved Intel PCM field,"Drop rows where every numeric candidate is NaN; fill remaining NaN values with the feature's benign mean when available, otherwise the global feature mean; center by the same mean; exclude constant features."
B,DDR5,Socket 0.13_TEMP,Socket 0,TEMP,Thermal headroom relative to TjMax; zero corresponds to the maximum junction temperature,Intel PCM CSV,degree Celsius below TjMax,processor thermal sensor reported by Intel PCM,0.001 requested,Preserved Intel PCM field,"Drop rows where every numeric candidate is NaN; fill remaining NaN values with the feature's benign mean when available, otherwise the global feature mean; center by the same mean; exclude constant features."
B,DDR5,Socket 0.14_INST,Socket 0,INST,Retired instructions during the reporting interval,Intel PCM CSV,million instructions,counter delta scaled by Intel PCM,0.001 requested,Preserved Intel PCM field,"Drop rows where every numeric candidate is NaN; fill remaining NaN values with the feature's benign mean when available, otherwise the global feature mean; center by the same mean; exclude constant features."
B,DDR5,Socket 0.15_ACYC,Socket 0,ACYC,Unhalted core cycles during the reporting interval,Intel PCM CSV,million cycles,counter delta scaled by Intel PCM,0.001 requested,Preserved Intel PCM field,"Drop rows where every numeric candidate is NaN; fill remaining NaN values with the feature's benign mean when available, otherwise the global feature mean; center by the same mean; exclude constant features."
B,DDR5,Socket 0.16_TIME(ticks),Socket 0,TIME(ticks),Invariant timestamp counter ticks during the reporting interval,Intel PCM CSV,million ticks,counter delta scaled by Intel PCM,0.001 requested,Preserved Intel PCM field,"Drop rows where every numeric candidate is NaN; fill remaining NaN values with the feature's benign mean when available, otherwise the global feature mean; center by the same mean; exclude constant features."
B,DDR5,Socket 0.17_PhysIPC,Socket 0,PhysIPC,Instructions retired per physical core cycle,Intel PCM CSV,instructions/cycle,derived from hardware counters,0.001 requested,Preserved Intel PCM field,"Drop rows where every numeric candidate is NaN; fill remaining NaN values with the feature's benign mean when available, otherwise the global feature mean; center by the same mean; exclude constant features."
B,DDR5,Socket 0.18_PhysIPC%,Socket 0,PhysIPC%,Physical core IPC as a percentage of the processor maximum IPC,Intel PCM CSV,%,derived from hardware counters,0.001 requested,Preserved Intel PCM field,"Drop rows where every numeric candidate is NaN; fill remaining NaN values with the feature's benign mean when available, otherwise the global feature mean; center by the same mean; exclude constant features."
B,DDR5,Socket 0.19_INSTnom,Socket 0,INSTnom,Total instruction execution rate normalized to nominal cycles,Intel PCM CSV,instructions/nominal cycle,derived from hardware counters,0.001 requested,Preserved Intel PCM field,"Drop rows where every numeric candidate is NaN; fill remaining NaN values with the feature's benign mean when available, otherwise the global feature mean; center by the same mean; exclude constant features."
B,DDR5,Socket 0.20_INSTnom%,Socket 0,INSTnom%,Normalized instruction execution rate as a percentage of the processor maximum IPC,Intel PCM CSV,%,derived from hardware counters,0.001 requested,Preserved Intel PCM field,"Drop rows where every numeric candidate is NaN; fill remaining NaN values with the feature's benign mean when available, otherwise the global feature mean; center by the same mean; exclude constant features."
B,DDR5,SKT0 Core C-State_C0res%,Socket 0,C0res%,Residency in processor power state C0 during the reporting interval,Intel PCM CSV,%,derived from hardware counters,0.001 requested,Preserved Intel PCM field,"Drop rows where every numeric candidate is NaN; fill remaining NaN values with the feature's benign mean when available, otherwise the global feature mean; center by the same mean; exclude constant features."
B,DDR5,SKT0 Core C-State.1_C1res%,Socket 0,C1res%,Residency in processor power state C1 during the reporting interval,Intel PCM CSV,%,derived from hardware counters,0.001 requested,Preserved Intel PCM field,"Drop rows where every numeric candidate is NaN; fill remaining NaN values with the feature's benign mean when available, otherwise the global feature mean; center by the same mean; exclude constant features."
B,DDR5,SKT0 Core C-State.2_C3res%,Socket 0,C3res%,Residency in processor power state C3 during the reporting interval,Intel PCM CSV,%,derived from hardware counters,0.001 requested,Preserved Intel PCM field,"Drop rows where every numeric candidate is NaN; fill remaining NaN values with the feature's benign mean when available, otherwise the global feature mean; center by the same mean; exclude constant features."
B,DDR5,SKT0 Core C-State.3_C6res%,Socket 0,C6res%,Residency in processor power state C6 during the reporting interval,Intel PCM CSV,%,derived from hardware counters,0.001 requested,Preserved Intel PCM field,"Drop rows where every numeric candidate is NaN; fill remaining NaN values with the feature's benign mean when available, otherwise the global feature mean; center by the same mean; exclude constant features."
B,DDR5,SKT0 Core C-State.4_C7res%,Socket 0,C7res%,Residency in processor power state C7 during the reporting interval,Intel PCM CSV,%,derived from hardware counters,0.001 requested,Preserved Intel PCM field,"Drop rows where every numeric candidate is NaN; fill remaining NaN values with the feature's benign mean when available, otherwise the global feature mean; center by the same mean; exclude constant features."
B,DDR5,SKT0 Package C-State_C0res%,Socket 0,C0res%,Residency in processor power state C0 during the reporting interval,Intel PCM CSV,%,derived from hardware counters,0.001 requested,Preserved Intel PCM field,"Drop rows where every numeric candidate is NaN; fill remaining NaN values with the feature's benign mean when available, otherwise the global feature mean; center by the same mean; exclude constant features."
B,DDR5,SKT0 Package C-State.1_C2res%,Socket 0,C2res%,Residency in processor power state C2 during the reporting interval,Intel PCM CSV,%,derived from hardware counters,0.001 requested,Preserved Intel PCM field,"Drop rows where every numeric candidate is NaN; fill remaining NaN values with the feature's benign mean when available, otherwise the global feature mean; center by the same mean; exclude constant features."
B,DDR5,SKT0 Package C-State.2_C4res%,Socket 0,C4res%,Residency in processor power state C4 during the reporting interval,Intel PCM CSV,%,derived from hardware counters,0.001 requested,Preserved Intel PCM field,"Drop rows where every numeric candidate is NaN; fill remaining NaN values with the feature's benign mean when available, otherwise the global feature mean; center by the same mean; exclude constant features."
B,DDR5,SKT0 Package C-State.3_C6res%,Socket 0,C6res%,Residency in processor power state C6 during the reporting interval,Intel PCM CSV,%,derived from hardware counters,0.001 requested,Preserved Intel PCM field,"Drop rows where every numeric candidate is NaN; fill remaining NaN values with the feature's benign mean when available, otherwise the global feature mean; center by the same mean; exclude constant features."
B,DDR5,Proc Energy (Joules)_SKT0,Socket 0,Proc Energy (Joules),Processor package energy consumed during the reporting interval,Intel PCM CSV,J,counter delta from the processor energy interface,0.001 requested,Preserved Intel PCM field,"Drop rows where every numeric candidate is NaN; fill remaining NaN values with the feature's benign mean when available, otherwise the global feature mean; center by the same mean; exclude constant features."
B,DDR5,Power Plane 0 Energy (Joules)_SKT0,Socket 0,Power Plane 0 Energy (Joules),Power Plane 0 energy consumed during the reporting interval,Intel PCM CSV,J,counter delta from the processor energy interface,0.001 requested,Preserved Intel PCM field,"Drop rows where every numeric candidate is NaN; fill remaining NaN values with the feature's benign mean when available, otherwise the global feature mean; center by the same mean; exclude constant features."
B,DDR5,Power Plane 1 Energy (Joules)_SKT0,Socket 0,Power Plane 1 Energy (Joules),Power Plane 1 energy consumed during the reporting interval,Intel PCM CSV,J,counter delta from the processor energy interface,0.001 requested,Preserved Intel PCM field,"Drop rows where every numeric candidate is NaN; fill remaining NaN values with the feature's benign mean when available, otherwise the global feature mean; center by the same mean; exclude constant features."
B,DDR5,Core0 (Socket 0)_EXEC,"Core 0, socket 0",EXEC,Instructions retired per nominal CPU cycle,Intel PCM CSV,ratio,derived from hardware counters,0.001 requested,Preserved Intel PCM field,"Drop rows where every numeric candidate is NaN; fill remaining NaN values with the feature's benign mean when available, otherwise the global feature mean; center by the same mean; exclude constant features."
B,DDR5,Core0 (Socket 0).1_IPC,"Core 0, socket 0",IPC,Instructions retired per unhalted CPU cycle,Intel PCM CSV,instructions/cycle,derived from hardware counters,0.001 requested,Preserved Intel PCM field,"Drop rows where every numeric candidate is NaN; fill remaining NaN values with the feature's benign mean when available, otherwise the global feature mean; center by the same mean; exclude constant features."
B,DDR5,Core0 (Socket 0).2_FREQ,"Core 0, socket 0",FREQ,Unhalted clock ticks divided by invariant timer ticks,Intel PCM CSV,ratio to nominal frequency,derived from hardware counters,0.001 requested,Preserved Intel PCM field,"Drop rows where every numeric candidate is NaN; fill remaining NaN values with the feature's benign mean when available, otherwise the global feature mean; center by the same mean; exclude constant features."
B,DDR5,Core0 (Socket 0).3_AFREQ,"Core 0, socket 0",AFREQ,Unhalted clock ticks divided by invariant timer ticks while the core is in C0,Intel PCM CSV,ratio to nominal frequency,derived from hardware counters,0.001 requested,Preserved Intel PCM field,"Drop rows where every numeric candidate is NaN; fill remaining NaN values with the feature's benign mean when available, otherwise the global feature mean; center by the same mean; exclude constant features."
B,DDR5,Core0 (Socket 0).4_CFREQ,"Core 0, socket 0",CFREQ,Average active core frequency,Intel PCM CSV,GHz,derived from hardware counters,0.001 requested,Preserved Intel PCM field,"Drop rows where every numeric candidate is NaN; fill remaining NaN values with the feature's benign mean when available, otherwise the global feature mean; center by the same mean; exclude constant features."
B,DDR5,Core0 (Socket 0).5_L3MISS,"Core 0, socket 0",L3MISS,L3 read cache misses during the reporting interval,Intel PCM CSV,million misses,counter delta scaled by Intel PCM,0.001 requested,Preserved Intel PCM field,"Drop rows where every numeric candidate is NaN; fill remaining NaN values with the feature's benign mean when available, otherwise the global feature mean; center by the same mean; exclude constant features."
B,DDR5,Core0 (Socket 0).6_L2MISS,"Core 0, socket 0",L2MISS,L2 read cache misses during the reporting interval; the PCM definition may include hits in another core's L2,Intel PCM CSV,million misses,counter delta scaled by Intel PCM,0.001 requested,Preserved Intel PCM field,"Drop rows where every numeric candidate is NaN; fill remaining NaN values with the feature's benign mean when available, otherwise the global feature mean; center by the same mean; exclude constant features."
B,DDR5,Core0 (Socket 0).7_L3HIT,"Core 0, socket 0",L3HIT,L3 read cache hit ratio,Intel PCM CSV,fraction,derived from hardware counters,0.001 requested,Preserved Intel PCM field,"Drop rows where every numeric candidate is NaN; fill remaining NaN values with the feature's benign mean when available, otherwise the global feature mean; center by the same mean; exclude constant features."
B,DDR5,Core0 (Socket 0).8_L2HIT,"Core 0, socket 0",L2HIT,L2 read cache hit ratio,Intel PCM CSV,fraction,derived from hardware counters,0.001 requested,Preserved Intel PCM field,"Drop rows where every numeric candidate is NaN; fill remaining NaN values with the feature's benign mean when available, otherwise the global feature mean; center by the same mean; exclude constant features."
B,DDR5,Core0 (Socket 0).9_L3MPI,"Core 0, socket 0",L3MPI,L3 read cache misses per retired instruction,Intel PCM CSV,misses/instruction,derived from hardware counters,0.001 requested,Preserved Intel PCM field,"Drop rows where every numeric candidate is NaN; fill remaining NaN values with the feature's benign mean when available, otherwise the global feature mean; center by the same mean; exclude constant features."
B,DDR5,Core0 (Socket 0).10_L2MPI,"Core 0, socket 0",L2MPI,L2 read cache misses per retired instruction,Intel PCM CSV,misses/instruction,derived from hardware counters,0.001 requested,Preserved Intel PCM field,"Drop rows where every numeric candidate is NaN; fill remaining NaN values with the feature's benign mean when available, otherwise the global feature mean; center by the same mean; exclude constant features."
B,DDR5,Core0 (Socket 0).11_C0res%,"Core 0, socket 0",C0res%,Residency in processor power state C0 during the reporting interval,Intel PCM CSV,%,derived from hardware counters,0.001 requested,Preserved Intel PCM field,"Drop rows where every numeric candidate is NaN; fill remaining NaN values with the feature's benign mean when available, otherwise the global feature mean; center by the same mean; exclude constant features."
B,DDR5,Core0 (Socket 0).12_C1res%,"Core 0, socket 0",C1res%,Residency in processor power state C1 during the reporting interval,Intel PCM CSV,%,derived from hardware counters,0.001 requested,Preserved Intel PCM field,"Drop rows where every numeric candidate is NaN; fill remaining NaN values with the feature's benign mean when available, otherwise the global feature mean; center by the same mean; exclude constant features."
B,DDR5,Core0 (Socket 0).13_C3res%,"Core 0, socket 0",C3res%,Residency in processor power state C3 during the reporting interval,Intel PCM CSV,%,derived from hardware counters,0.001 requested,Preserved Intel PCM field,"Drop rows where every numeric candidate is NaN; fill remaining NaN values with the feature's benign mean when available, otherwise the global feature mean; center by the same mean; exclude constant features."
B,DDR5,Core0 (Socket 0).14_C6res%,"Core 0, socket 0",C6res%,Residency in processor power state C6 during the reporting interval,Intel PCM CSV,%,derived from hardware counters,0.001 requested,Preserved Intel PCM field,"Drop rows where every numeric candidate is NaN; fill remaining NaN values with the feature's benign mean when available, otherwise the global feature mean; center by the same mean; exclude constant features."
B,DDR5,Core0 (Socket 0).15_C7res%,"Core 0, socket 0",C7res%,Residency in processor power state C7 during the reporting interval,Intel PCM CSV,%,derived from hardware counters,0.001 requested,Preserved Intel PCM field,"Drop rows where every numeric candidate is NaN; fill remaining NaN values with the feature's benign mean when available, otherwise the global feature mean; center by the same mean; exclude constant features."
B,DDR5,Core0 (Socket 0).16_TEMP,"Core 0, socket 0",TEMP,Thermal headroom relative to TjMax; zero corresponds to the maximum junction temperature,Intel PCM CSV,degree Celsius below TjMax,processor thermal sensor reported by Intel PCM,0.001 requested,Preserved Intel PCM field,"Drop rows where every numeric candidate is NaN; fill remaining NaN values with the feature's benign mean when available, otherwise the global feature mean; center by the same mean; exclude constant features."
B,DDR5,Core0 (Socket 0).17_INST,"Core 0, socket 0",INST,Retired instructions during the reporting interval,Intel PCM CSV,million instructions,counter delta scaled by Intel PCM,0.001 requested,Preserved Intel PCM field,"Drop rows where every numeric candidate is NaN; fill remaining NaN values with the feature's benign mean when available, otherwise the global feature mean; center by the same mean; exclude constant features."
B,DDR5,Core0 (Socket 0).18_ACYC,"Core 0, socket 0",ACYC,Unhalted core cycles during the reporting interval,Intel PCM CSV,million cycles,counter delta scaled by Intel PCM,0.001 requested,Preserved Intel PCM field,"Drop rows where every numeric candidate is NaN; fill remaining NaN values with the feature's benign mean when available, otherwise the global feature mean; center by the same mean; exclude constant features."
B,DDR5,Core0 (Socket 0).19_TIME(ticks),"Core 0, socket 0",TIME(ticks),Invariant timestamp counter ticks during the reporting interval,Intel PCM CSV,million ticks,counter delta scaled by Intel PCM,0.001 requested,Preserved Intel PCM field,"Drop rows where every numeric candidate is NaN; fill remaining NaN values with the feature's benign mean when available, otherwise the global feature mean; center by the same mean; exclude constant features."
B,DDR5,Core0 (Socket 0).20_PhysIPC,"Core 0, socket 0",PhysIPC,Instructions retired per physical core cycle,Intel PCM CSV,instructions/cycle,derived from hardware counters,0.001 requested,Preserved Intel PCM field,"Drop rows where every numeric candidate is NaN; fill remaining NaN values with the feature's benign mean when available, otherwise the global feature mean; center by the same mean; exclude constant features."
B,DDR5,Core0 (Socket 0).21_PhysIPC%,"Core 0, socket 0",PhysIPC%,Physical core IPC as a percentage of the processor maximum IPC,Intel PCM CSV,%,derived from hardware counters,0.001 requested,Preserved Intel PCM field,"Drop rows where every numeric candidate is NaN; fill remaining NaN values with the feature's benign mean when available, otherwise the global feature mean; center by the same mean; exclude constant features."
B,DDR5,Core0 (Socket 0).22_INSTnom,"Core 0, socket 0",INSTnom,Total instruction execution rate normalized to nominal cycles,Intel PCM CSV,instructions/nominal cycle,derived from hardware counters,0.001 requested,Preserved Intel PCM field,"Drop rows where every numeric candidate is NaN; fill remaining NaN values with the feature's benign mean when available, otherwise the global feature mean; center by the same mean; exclude constant features."
B,DDR5,Core0 (Socket 0).23_INSTnom%,"Core 0, socket 0",INSTnom%,Normalized instruction execution rate as a percentage of the processor maximum IPC,Intel PCM CSV,%,derived from hardware counters,0.001 requested,Preserved Intel PCM field,"Drop rows where every numeric candidate is NaN; fill remaining NaN values with the feature's benign mean when available, otherwise the global feature mean; center by the same mean; exclude constant features."
B,DDR5,Core1 (Socket 0)_EXEC,"Core 1, socket 0",EXEC,Instructions retired per nominal CPU cycle,Intel PCM CSV,ratio,derived from hardware counters,0.001 requested,Preserved Intel PCM field,"Drop rows where every numeric candidate is NaN; fill remaining NaN values with the feature's benign mean when available, otherwise the global feature mean; center by the same mean; exclude constant features."
B,DDR5,Core1 (Socket 0).1_IPC,"Core 1, socket 0",IPC,Instructions retired per unhalted CPU cycle,Intel PCM CSV,instructions/cycle,derived from hardware counters,0.001 requested,Preserved Intel PCM field,"Drop rows where every numeric candidate is NaN; fill remaining NaN values with the feature's benign mean when available, otherwise the global feature mean; center by the same mean; exclude constant features."
B,DDR5,Core1 (Socket 0).2_FREQ,"Core 1, socket 0",FREQ,Unhalted clock ticks divided by invariant timer ticks,Intel PCM CSV,ratio to nominal frequency,derived from hardware counters,0.001 requested,Preserved Intel PCM field,"Drop rows where every numeric candidate is NaN; fill remaining NaN values with the feature's benign mean when available, otherwise the global feature mean; center by the same mean; exclude constant features."
B,DDR5,Core1 (Socket 0).3_AFREQ,"Core 1, socket 0",AFREQ,Unhalted clock ticks divided by invariant timer ticks while the core is in C0,Intel PCM CSV,ratio to nominal frequency,derived from hardware counters,0.001 requested,Preserved Intel PCM field,"Drop rows where every numeric candidate is NaN; fill remaining NaN values with the feature's benign mean when available, otherwise the global feature mean; center by the same mean; exclude constant features."
B,DDR5,Core1 (Socket 0).4_CFREQ,"Core 1, socket 0",CFREQ,Average active core frequency,Intel PCM CSV,GHz,derived from hardware counters,0.001 requested,Preserved Intel PCM field,"Drop rows where every numeric candidate is NaN; fill remaining NaN values with the feature's benign mean when available, otherwise the global feature mean; center by the same mean; exclude constant features."
B,DDR5,Core1 (Socket 0).5_L3MISS,"Core 1, socket 0",L3MISS,L3 read cache misses during the reporting interval,Intel PCM CSV,million misses,counter delta scaled by Intel PCM,0.001 requested,Preserved Intel PCM field,"Drop rows where every numeric candidate is NaN; fill remaining NaN values with the feature's benign mean when available, otherwise the global feature mean; center by the same mean; exclude constant features."
B,DDR5,Core1 (Socket 0).6_L2MISS,"Core 1, socket 0",L2MISS,L2 read cache misses during the reporting interval; the PCM definition may include hits in another core's L2,Intel PCM CSV,million misses,counter delta scaled by Intel PCM,0.001 requested,Preserved Intel PCM field,"Drop rows where every numeric candidate is NaN; fill remaining NaN values with the feature's benign mean when available, otherwise the global feature mean; center by the same mean; exclude constant features."
B,DDR5,Core1 (Socket 0).7_L3HIT,"Core 1, socket 0",L3HIT,L3 read cache hit ratio,Intel PCM CSV,fraction,derived from hardware counters,0.001 requested,Preserved Intel PCM field,"Drop rows where every numeric candidate is NaN; fill remaining NaN values with the feature's benign mean when available, otherwise the global feature mean; center by the same mean; exclude constant features."
B,DDR5,Core1 (Socket 0).8_L2HIT,"Core 1, socket 0",L2HIT,L2 read cache hit ratio,Intel PCM CSV,fraction,derived from hardware counters,0.001 requested,Preserved Intel PCM field,"Drop rows where every numeric candidate is NaN; fill remaining NaN values with the feature's benign mean when available, otherwise the global feature mean; center by the same mean; exclude constant features."
B,DDR5,Core1 (Socket 0).9_L3MPI,"Core 1, socket 0",L3MPI,L3 read cache misses per retired instruction,Intel PCM CSV,misses/instruction,derived from hardware counters,0.001 requested,Preserved Intel PCM field,"Drop rows where every numeric candidate is NaN; fill remaining NaN values with the feature's benign mean when available, otherwise the global feature mean; center by the same mean; exclude constant features."
B,DDR5,Core1 (Socket 0).10_L2MPI,"Core 1, socket 0",L2MPI,L2 read cache misses per retired instruction,Intel PCM CSV,misses/instruction,derived from hardware counters,0.001 requested,Preserved Intel PCM field,"Drop rows where every numeric candidate is NaN; fill remaining NaN values with the feature's benign mean when available, otherwise the global feature mean; center by the same mean; exclude constant features."
B,DDR5,Core1 (Socket 0).11_C0res%,"Core 1, socket 0",C0res%,Residency in processor power state C0 during the reporting interval,Intel PCM CSV,%,derived from hardware counters,0.001 requested,Preserved Intel PCM field,"Drop rows where every numeric candidate is NaN; fill remaining NaN values with the feature's benign mean when available, otherwise the global feature mean; center by the same mean; exclude constant features."
B,DDR5,Core1 (Socket 0).12_C1res%,"Core 1, socket 0",C1res%,Residency in processor power state C1 during the reporting interval,Intel PCM CSV,%,derived from hardware counters,0.001 requested,Preserved Intel PCM field,"Drop rows where every numeric candidate is NaN; fill remaining NaN values with the feature's benign mean when available, otherwise the global feature mean; center by the same mean; exclude constant features."
B,DDR5,Core1 (Socket 0).13_C3res%,"Core 1, socket 0",C3res%,Residency in processor power state C3 during the reporting interval,Intel PCM CSV,%,derived from hardware counters,0.001 requested,Preserved Intel PCM field,"Drop rows where every numeric candidate is NaN; fill remaining NaN values with the feature's benign mean when available, otherwise the global feature mean; center by the same mean; exclude constant features."
B,DDR5,Core1 (Socket 0).14_C6res%,"Core 1, socket 0",C6res%,Residency in processor power state C6 during the reporting interval,Intel PCM CSV,%,derived from hardware counters,0.001 requested,Preserved Intel PCM field,"Drop rows where every numeric candidate is NaN; fill remaining NaN values with the feature's benign mean when available, otherwise the global feature mean; center by the same mean; exclude constant features."
B,DDR5,Core1 (Socket 0).15_C7res%,"Core 1, socket 0",C7res%,Residency in processor power state C7 during the reporting interval,Intel PCM CSV,%,derived from hardware counters,0.001 requested,Preserved Intel PCM field,"Drop rows where every numeric candidate is NaN; fill remaining NaN values with the feature's benign mean when available, otherwise the global feature mean; center by the same mean; exclude constant features."
B,DDR5,Core1 (Socket 0).16_TEMP,"Core 1, socket 0",TEMP,Thermal headroom relative to TjMax; zero corresponds to the maximum junction temperature,Intel PCM CSV,degree Celsius below TjMax,processor thermal sensor reported by Intel PCM,0.001 requested,Preserved Intel PCM field,"Drop rows where every numeric candidate is NaN; fill remaining NaN values with the feature's benign mean when available, otherwise the global feature mean; center by the same mean; exclude constant features."
B,DDR5,Core1 (Socket 0).17_INST,"Core 1, socket 0",INST,Retired instructions during the reporting interval,Intel PCM CSV,million instructions,counter delta scaled by Intel PCM,0.001 requested,Preserved Intel PCM field,"Drop rows where every numeric candidate is NaN; fill remaining NaN values with the feature's benign mean when available, otherwise the global feature mean; center by the same mean; exclude constant features."
B,DDR5,Core1 (Socket 0).18_ACYC,"Core 1, socket 0",ACYC,Unhalted core cycles during the reporting interval,Intel PCM CSV,million cycles,counter delta scaled by Intel PCM,0.001 requested,Preserved Intel PCM field,"Drop rows where every numeric candidate is NaN; fill remaining NaN values with the feature's benign mean when available, otherwise the global feature mean; center by the same mean; exclude constant features."
B,DDR5,Core1 (Socket 0).19_TIME(ticks),"Core 1, socket 0",TIME(ticks),Invariant timestamp counter ticks during the reporting interval,Intel PCM CSV,million ticks,counter delta scaled by Intel PCM,0.001 requested,Preserved Intel PCM field,"Drop rows where every numeric candidate is NaN; fill remaining NaN values with the feature's benign mean when available, otherwise the global feature mean; center by the same mean; exclude constant features."
B,DDR5,Core1 (Socket 0).20_PhysIPC,"Core 1, socket 0",PhysIPC,Instructions retired per physical core cycle,Intel PCM CSV,instructions/cycle,derived from hardware counters,0.001 requested,Preserved Intel PCM field,"Drop rows where every numeric candidate is NaN; fill remaining NaN values with the feature's benign mean when available, otherwise the global feature mean; center by the same mean; exclude constant features."
B,DDR5,Core1 (Socket 0).21_PhysIPC%,"Core 1, socket 0",PhysIPC%,Physical core IPC as a percentage of the processor maximum IPC,Intel PCM CSV,%,derived from hardware counters,0.001 requested,Preserved Intel PCM field,"Drop rows where every numeric candidate is NaN; fill remaining NaN values with the feature's benign mean when available, otherwise the global feature mean; center by the same mean; exclude constant features."
B,DDR5,Core1 (Socket 0).22_INSTnom,"Core 1, socket 0",INSTnom,Total instruction execution rate normalized to nominal cycles,Intel PCM CSV,instructions/nominal cycle,derived from hardware counters,0.001 requested,Preserved Intel PCM field,"Drop rows where every numeric candidate is NaN; fill remaining NaN values with the feature's benign mean when available, otherwise the global feature mean; center by the same mean; exclude constant features."
B,DDR5,Core1 (Socket 0).23_INSTnom%,"Core 1, socket 0",INSTnom%,Normalized instruction execution rate as a percentage of the processor maximum IPC,Intel PCM CSV,%,derived from hardware counters,0.001 requested,Preserved Intel PCM field,"Drop rows where every numeric candidate is NaN; fill remaining NaN values with the feature's benign mean when available, otherwise the global feature mean; center by the same mean; exclude constant features."
B,DDR5,Core2 (Socket 0)_EXEC,"Core 2, socket 0",EXEC,Instructions retired per nominal CPU cycle,Intel PCM CSV,ratio,derived from hardware counters,0.001 requested,Preserved Intel PCM field,"Drop rows where every numeric candidate is NaN; fill remaining NaN values with the feature's benign mean when available, otherwise the global feature mean; center by the same mean; exclude constant features."
B,DDR5,Core2 (Socket 0).1_IPC,"Core 2, socket 0",IPC,Instructions retired per unhalted CPU cycle,Intel PCM CSV,instructions/cycle,derived from hardware counters,0.001 requested,Preserved Intel PCM field,"Drop rows where every numeric candidate is NaN; fill remaining NaN values with the feature's benign mean when available, otherwise the global feature mean; center by the same mean; exclude constant features."
B,DDR5,Core2 (Socket 0).2_FREQ,"Core 2, socket 0",FREQ,Unhalted clock ticks divided by invariant timer ticks,Intel PCM CSV,ratio to nominal frequency,derived from hardware counters,0.001 requested,Preserved Intel PCM field,"Drop rows where every numeric candidate is NaN; fill remaining NaN values with the feature's benign mean when available, otherwise the global feature mean; center by the same mean; exclude constant features."
B,DDR5,Core2 (Socket 0).3_AFREQ,"Core 2, socket 0",AFREQ,Unhalted clock ticks divided by invariant timer ticks while the core is in C0,Intel PCM CSV,ratio to nominal frequency,derived from hardware counters,0.001 requested,Preserved Intel PCM field,"Drop rows where every numeric candidate is NaN; fill remaining NaN values with the feature's benign mean when available, otherwise the global feature mean; center by the same mean; exclude constant features."
B,DDR5,Core2 (Socket 0).4_CFREQ,"Core 2, socket 0",CFREQ,Average active core frequency,Intel PCM CSV,GHz,derived from hardware counters,0.001 requested,Preserved Intel PCM field,"Drop rows where every numeric candidate is NaN; fill remaining NaN values with the feature's benign mean when available, otherwise the global feature mean; center by the same mean; exclude constant features."
B,DDR5,Core2 (Socket 0).5_L3MISS,"Core 2, socket 0",L3MISS,L3 read cache misses during the reporting interval,Intel PCM CSV,million misses,counter delta scaled by Intel PCM,0.001 requested,Preserved Intel PCM field,"Drop rows where every numeric candidate is NaN; fill remaining NaN values with the feature's benign mean when available, otherwise the global feature mean; center by the same mean; exclude constant features."
B,DDR5,Core2 (Socket 0).6_L2MISS,"Core 2, socket 0",L2MISS,L2 read cache misses during the reporting interval; the PCM definition may include hits in another core's L2,Intel PCM CSV,million misses,counter delta scaled by Intel PCM,0.001 requested,Preserved Intel PCM field,"Drop rows where every numeric candidate is NaN; fill remaining NaN values with the feature's benign mean when available, otherwise the global feature mean; center by the same mean; exclude constant features."
B,DDR5,Core2 (Socket 0).7_L3HIT,"Core 2, socket 0",L3HIT,L3 read cache hit ratio,Intel PCM CSV,fraction,derived from hardware counters,0.001 requested,Preserved Intel PCM field,"Drop rows where every numeric candidate is NaN; fill remaining NaN values with the feature's benign mean when available, otherwise the global feature mean; center by the same mean; exclude constant features."
B,DDR5,Core2 (Socket 0).8_L2HIT,"Core 2, socket 0",L2HIT,L2 read cache hit ratio,Intel PCM CSV,fraction,derived from hardware counters,0.001 requested,Preserved Intel PCM field,"Drop rows where every numeric candidate is NaN; fill remaining NaN values with the feature's benign mean when available, otherwise the global feature mean; center by the same mean; exclude constant features."
B,DDR5,Core2 (Socket 0).9_L3MPI,"Core 2, socket 0",L3MPI,L3 read cache misses per retired instruction,Intel PCM CSV,misses/instruction,derived from hardware counters,0.001 requested,Preserved Intel PCM field,"Drop rows where every numeric candidate is NaN; fill remaining NaN values with the feature's benign mean when available, otherwise the global feature mean; center by the same mean; exclude constant features."
B,DDR5,Core2 (Socket 0).10_L2MPI,"Core 2, socket 0",L2MPI,L2 read cache misses per retired instruction,Intel PCM CSV,misses/instruction,derived from hardware counters,0.001 requested,Preserved Intel PCM field,"Drop rows where every numeric candidate is NaN; fill remaining NaN values with the feature's benign mean when available, otherwise the global feature mean; center by the same mean; exclude constant features."
B,DDR5,Core2 (Socket 0).11_C0res%,"Core 2, socket 0",C0res%,Residency in processor power state C0 during the reporting interval,Intel PCM CSV,%,derived from hardware counters,0.001 requested,Preserved Intel PCM field,"Drop rows where every numeric candidate is NaN; fill remaining NaN values with the feature's benign mean when available, otherwise the global feature mean; center by the same mean; exclude constant features."
B,DDR5,Core2 (Socket 0).12_C1res%,"Core 2, socket 0",C1res%,Residency in processor power state C1 during the reporting interval,Intel PCM CSV,%,derived from hardware counters,0.001 requested,Preserved Intel PCM field,"Drop rows where every numeric candidate is NaN; fill remaining NaN values with the feature's benign mean when available, otherwise the global feature mean; center by the same mean; exclude constant features."
B,DDR5,Core2 (Socket 0).13_C3res%,"Core 2, socket 0",C3res%,Residency in processor power state C3 during the reporting interval,Intel PCM CSV,%,derived from hardware counters,0.001 requested,Preserved Intel PCM field,"Drop rows where every numeric candidate is NaN; fill remaining NaN values with the feature's benign mean when available, otherwise the global feature mean; center by the same mean; exclude constant features."
B,DDR5,Core2 (Socket 0).14_C6res%,"Core 2, socket 0",C6res%,Residency in processor power state C6 during the reporting interval,Intel PCM CSV,%,derived from hardware counters,0.001 requested,Preserved Intel PCM field,"Drop rows where every numeric candidate is NaN; fill remaining NaN values with the feature's benign mean when available, otherwise the global feature mean; center by the same mean; exclude constant features."
B,DDR5,Core2 (Socket 0).15_C7res%,"Core 2, socket 0",C7res%,Residency in processor power state C7 during the reporting interval,Intel PCM CSV,%,derived from hardware counters,0.001 requested,Preserved Intel PCM field,"Drop rows where every numeric candidate is NaN; fill remaining NaN values with the feature's benign mean when available, otherwise the global feature mean; center by the same mean; exclude constant features."
B,DDR5,Core2 (Socket 0).16_TEMP,"Core 2, socket 0",TEMP,Thermal headroom relative to TjMax; zero corresponds to the maximum junction temperature,Intel PCM CSV,degree Celsius below TjMax,processor thermal sensor reported by Intel PCM,0.001 requested,Preserved Intel PCM field,"Drop rows where every numeric candidate is NaN; fill remaining NaN values with the feature's benign mean when available, otherwise the global feature mean; center by the same mean; exclude constant features."
B,DDR5,Core2 (Socket 0).17_INST,"Core 2, socket 0",INST,Retired instructions during the reporting interval,Intel PCM CSV,million instructions,counter delta scaled by Intel PCM,0.001 requested,Preserved Intel PCM field,"Drop rows where every numeric candidate is NaN; fill remaining NaN values with the feature's benign mean when available, otherwise the global feature mean; center by the same mean; exclude constant features."
B,DDR5,Core2 (Socket 0).18_ACYC,"Core 2, socket 0",ACYC,Unhalted core cycles during the reporting interval,Intel PCM CSV,million cycles,counter delta scaled by Intel PCM,0.001 requested,Preserved Intel PCM field,"Drop rows where every numeric candidate is NaN; fill remaining NaN values with the feature's benign mean when available, otherwise the global feature mean; center by the same mean; exclude constant features."
B,DDR5,Core2 (Socket 0).19_TIME(ticks),"Core 2, socket 0",TIME(ticks),Invariant timestamp counter ticks during the reporting interval,Intel PCM CSV,million ticks,counter delta scaled by Intel PCM,0.001 requested,Preserved Intel PCM field,"Drop rows where every numeric candidate is NaN; fill remaining NaN values with the feature's benign mean when available, otherwise the global feature mean; center by the same mean; exclude constant features."
B,DDR5,Core2 (Socket 0).20_PhysIPC,"Core 2, socket 0",PhysIPC,Instructions retired per physical core cycle,Intel PCM CSV,instructions/cycle,derived from hardware counters,0.001 requested,Preserved Intel PCM field,"Drop rows where every numeric candidate is NaN; fill remaining NaN values with the feature's benign mean when available, otherwise the global feature mean; center by the same mean; exclude constant features."
B,DDR5,Core2 (Socket 0).21_PhysIPC%,"Core 2, socket 0",PhysIPC%,Physical core IPC as a percentage of the processor maximum IPC,Intel PCM CSV,%,derived from hardware counters,0.001 requested,Preserved Intel PCM field,"Drop rows where every numeric candidate is NaN; fill remaining NaN values with the feature's benign mean when available, otherwise the global feature mean; center by the same mean; exclude constant features."
B,DDR5,Core2 (Socket 0).22_INSTnom,"Core 2, socket 0",INSTnom,Total instruction execution rate normalized to nominal cycles,Intel PCM CSV,instructions/nominal cycle,derived from hardware counters,0.001 requested,Preserved Intel PCM field,"Drop rows where every numeric candidate is NaN; fill remaining NaN values with the feature's benign mean when available, otherwise the global feature mean; center by the same mean; exclude constant features."
B,DDR5,Core2 (Socket 0).23_INSTnom%,"Core 2, socket 0",INSTnom%,Normalized instruction execution rate as a percentage of the processor maximum IPC,Intel PCM CSV,%,derived from hardware counters,0.001 requested,Preserved Intel PCM field,"Drop rows where every numeric candidate is NaN; fill remaining NaN values with the feature's benign mean when available, otherwise the global feature mean; center by the same mean; exclude constant features."
B,DDR5,Core3 (Socket 0)_EXEC,"Core 3, socket 0",EXEC,Instructions retired per nominal CPU cycle,Intel PCM CSV,ratio,derived from hardware counters,0.001 requested,Preserved Intel PCM field,"Drop rows where every numeric candidate is NaN; fill remaining NaN values with the feature's benign mean when available, otherwise the global feature mean; center by the same mean; exclude constant features."
B,DDR5,Core3 (Socket 0).1_IPC,"Core 3, socket 0",IPC,Instructions retired per unhalted CPU cycle,Intel PCM CSV,instructions/cycle,derived from hardware counters,0.001 requested,Preserved Intel PCM field,"Drop rows where every numeric candidate is NaN; fill remaining NaN values with the feature's benign mean when available, otherwise the global feature mean; center by the same mean; exclude constant features."
B,DDR5,Core3 (Socket 0).2_FREQ,"Core 3, socket 0",FREQ,Unhalted clock ticks divided by invariant timer ticks,Intel PCM CSV,ratio to nominal frequency,derived from hardware counters,0.001 requested,Preserved Intel PCM field,"Drop rows where every numeric candidate is NaN; fill remaining NaN values with the feature's benign mean when available, otherwise the global feature mean; center by the same mean; exclude constant features."
B,DDR5,Core3 (Socket 0).3_AFREQ,"Core 3, socket 0",AFREQ,Unhalted clock ticks divided by invariant timer ticks while the core is in C0,Intel PCM CSV,ratio to nominal frequency,derived from hardware counters,0.001 requested,Preserved Intel PCM field,"Drop rows where every numeric candidate is NaN; fill remaining NaN values with the feature's benign mean when available, otherwise the global feature mean; center by the same mean; exclude constant features."
B,DDR5,Core3 (Socket 0).4_CFREQ,"Core 3, socket 0",CFREQ,Average active core frequency,Intel PCM CSV,GHz,derived from hardware counters,0.001 requested,Preserved Intel PCM field,"Drop rows where every numeric candidate is NaN; fill remaining NaN values with the feature's benign mean when available, otherwise the global feature mean; center by the same mean; exclude constant features."
B,DDR5,Core3 (Socket 0).5_L3MISS,"Core 3, socket 0",L3MISS,L3 read cache misses during the reporting interval,Intel PCM CSV,million misses,counter delta scaled by Intel PCM,0.001 requested,Preserved Intel PCM field,"Drop rows where every numeric candidate is NaN; fill remaining NaN values with the feature's benign mean when available, otherwise the global feature mean; center by the same mean; exclude constant features."
B,DDR5,Core3 (Socket 0).6_L2MISS,"Core 3, socket 0",L2MISS,L2 read cache misses during the reporting interval; the PCM definition may include hits in another core's L2,Intel PCM CSV,million misses,counter delta scaled by Intel PCM,0.001 requested,Preserved Intel PCM field,"Drop rows where every numeric candidate is NaN; fill remaining NaN values with the feature's benign mean when available, otherwise the global feature mean; center by the same mean; exclude constant features."
B,DDR5,Core3 (Socket 0).7_L3HIT,"Core 3, socket 0",L3HIT,L3 read cache hit ratio,Intel PCM CSV,fraction,derived from hardware counters,0.001 requested,Preserved Intel PCM field,"Drop rows where every numeric candidate is NaN; fill remaining NaN values with the feature's benign mean when available, otherwise the global feature mean; center by the same mean; exclude constant features."
B,DDR5,Core3 (Socket 0).8_L2HIT,"Core 3, socket 0",L2HIT,L2 read cache hit ratio,Intel PCM CSV,fraction,derived from hardware counters,0.001 requested,Preserved Intel PCM field,"Drop rows where every numeric candidate is NaN; fill remaining NaN values with the feature's benign mean when available, otherwise the global feature mean; center by the same mean; exclude constant features."
B,DDR5,Core3 (Socket 0).9_L3MPI,"Core 3, socket 0",L3MPI,L3 read cache misses per retired instruction,Intel PCM CSV,misses/instruction,derived from hardware counters,0.001 requested,Preserved Intel PCM field,"Drop rows where every numeric candidate is NaN; fill remaining NaN values with the feature's benign mean when available, otherwise the global feature mean; center by the same mean; exclude constant features."
B,DDR5,Core3 (Socket 0).10_L2MPI,"Core 3, socket 0",L2MPI,L2 read cache misses per retired instruction,Intel PCM CSV,misses/instruction,derived from hardware counters,0.001 requested,Preserved Intel PCM field,"Drop rows where every numeric candidate is NaN; fill remaining NaN values with the feature's benign mean when available, otherwise the global feature mean; center by the same mean; exclude constant features."
B,DDR5,Core3 (Socket 0).11_C0res%,"Core 3, socket 0",C0res%,Residency in processor power state C0 during the reporting interval,Intel PCM CSV,%,derived from hardware counters,0.001 requested,Preserved Intel PCM field,"Drop rows where every numeric candidate is NaN; fill remaining NaN values with the feature's benign mean when available, otherwise the global feature mean; center by the same mean; exclude constant features."
B,DDR5,Core3 (Socket 0).12_C1res%,"Core 3, socket 0",C1res%,Residency in processor power state C1 during the reporting interval,Intel PCM CSV,%,derived from hardware counters,0.001 requested,Preserved Intel PCM field,"Drop rows where every numeric candidate is NaN; fill remaining NaN values with the feature's benign mean when available, otherwise the global feature mean; center by the same mean; exclude constant features."
B,DDR5,Core3 (Socket 0).13_C3res%,"Core 3, socket 0",C3res%,Residency in processor power state C3 during the reporting interval,Intel PCM CSV,%,derived from hardware counters,0.001 requested,Preserved Intel PCM field,"Drop rows where every numeric candidate is NaN; fill remaining NaN values with the feature's benign mean when available, otherwise the global feature mean; center by the same mean; exclude constant features."
B,DDR5,Core3 (Socket 0).14_C6res%,"Core 3, socket 0",C6res%,Residency in processor power state C6 during the reporting interval,Intel PCM CSV,%,derived from hardware counters,0.001 requested,Preserved Intel PCM field,"Drop rows where every numeric candidate is NaN; fill remaining NaN values with the feature's benign mean when available, otherwise the global feature mean; center by the same mean; exclude constant features."
B,DDR5,Core3 (Socket 0).15_C7res%,"Core 3, socket 0",C7res%,Residency in processor power state C7 during the reporting interval,Intel PCM CSV,%,derived from hardware counters,0.001 requested,Preserved Intel PCM field,"Drop rows where every numeric candidate is NaN; fill remaining NaN values with the feature's benign mean when available, otherwise the global feature mean; center by the same mean; exclude constant features."
B,DDR5,Core3 (Socket 0).16_TEMP,"Core 3, socket 0",TEMP,Thermal headroom relative to TjMax; zero corresponds to the maximum junction temperature,Intel PCM CSV,degree Celsius below TjMax,processor thermal sensor reported by Intel PCM,0.001 requested,Preserved Intel PCM field,"Drop rows where every numeric candidate is NaN; fill remaining NaN values with the feature's benign mean when available, otherwise the global feature mean; center by the same mean; exclude constant features."
B,DDR5,Core3 (Socket 0).17_INST,"Core 3, socket 0",INST,Retired instructions during the reporting interval,Intel PCM CSV,million instructions,counter delta scaled by Intel PCM,0.001 requested,Preserved Intel PCM field,"Drop rows where every numeric candidate is NaN; fill remaining NaN values with the feature's benign mean when available, otherwise the global feature mean; center by the same mean; exclude constant features."
B,DDR5,Core3 (Socket 0).18_ACYC,"Core 3, socket 0",ACYC,Unhalted core cycles during the reporting interval,Intel PCM CSV,million cycles,counter delta scaled by Intel PCM,0.001 requested,Preserved Intel PCM field,"Drop rows where every numeric candidate is NaN; fill remaining NaN values with the feature's benign mean when available, otherwise the global feature mean; center by the same mean; exclude constant features."
B,DDR5,Core3 (Socket 0).19_TIME(ticks),"Core 3, socket 0",TIME(ticks),Invariant timestamp counter ticks during the reporting interval,Intel PCM CSV,million ticks,counter delta scaled by Intel PCM,0.001 requested,Preserved Intel PCM field,"Drop rows where every numeric candidate is NaN; fill remaining NaN values with the feature's benign mean when available, otherwise the global feature mean; center by the same mean; exclude constant features."
B,DDR5,Core3 (Socket 0).20_PhysIPC,"Core 3, socket 0",PhysIPC,Instructions retired per physical core cycle,Intel PCM CSV,instructions/cycle,derived from hardware counters,0.001 requested,Preserved Intel PCM field,"Drop rows where every numeric candidate is NaN; fill remaining NaN values with the feature's benign mean when available, otherwise the global feature mean; center by the same mean; exclude constant features."
B,DDR5,Core3 (Socket 0).21_PhysIPC%,"Core 3, socket 0",PhysIPC%,Physical core IPC as a percentage of the processor maximum IPC,Intel PCM CSV,%,derived from hardware counters,0.001 requested,Preserved Intel PCM field,"Drop rows where every numeric candidate is NaN; fill remaining NaN values with the feature's benign mean when available, otherwise the global feature mean; center by the same mean; exclude constant features."
B,DDR5,Core3 (Socket 0).22_INSTnom,"Core 3, socket 0",INSTnom,Total instruction execution rate normalized to nominal cycles,Intel PCM CSV,instructions/nominal cycle,derived from hardware counters,0.001 requested,Preserved Intel PCM field,"Drop rows where every numeric candidate is NaN; fill remaining NaN values with the feature's benign mean when available, otherwise the global feature mean; center by the same mean; exclude constant features."
B,DDR5,Core3 (Socket 0).23_INSTnom%,"Core 3, socket 0",INSTnom%,Normalized instruction execution rate as a percentage of the processor maximum IPC,Intel PCM CSV,%,derived from hardware counters,0.001 requested,Preserved Intel PCM field,"Drop rows where every numeric candidate is NaN; fill remaining NaN values with the feature's benign mean when available, otherwise the global feature mean; center by the same mean; exclude constant features."
B,DDR5,Core4 (Socket 0)_EXEC,"Core 4, socket 0",EXEC,Instructions retired per nominal CPU cycle,Intel PCM CSV,ratio,derived from hardware counters,0.001 requested,Preserved Intel PCM field,"Drop rows where every numeric candidate is NaN; fill remaining NaN values with the feature's benign mean when available, otherwise the global feature mean; center by the same mean; exclude constant features."
B,DDR5,Core4 (Socket 0).1_IPC,"Core 4, socket 0",IPC,Instructions retired per unhalted CPU cycle,Intel PCM CSV,instructions/cycle,derived from hardware counters,0.001 requested,Preserved Intel PCM field,"Drop rows where every numeric candidate is NaN; fill remaining NaN values with the feature's benign mean when available, otherwise the global feature mean; center by the same mean; exclude constant features."
B,DDR5,Core4 (Socket 0).2_FREQ,"Core 4, socket 0",FREQ,Unhalted clock ticks divided by invariant timer ticks,Intel PCM CSV,ratio to nominal frequency,derived from hardware counters,0.001 requested,Preserved Intel PCM field,"Drop rows where every numeric candidate is NaN; fill remaining NaN values with the feature's benign mean when available, otherwise the global feature mean; center by the same mean; exclude constant features."
B,DDR5,Core4 (Socket 0).3_AFREQ,"Core 4, socket 0",AFREQ,Unhalted clock ticks divided by invariant timer ticks while the core is in C0,Intel PCM CSV,ratio to nominal frequency,derived from hardware counters,0.001 requested,Preserved Intel PCM field,"Drop rows where every numeric candidate is NaN; fill remaining NaN values with the feature's benign mean when available, otherwise the global feature mean; center by the same mean; exclude constant features."
B,DDR5,Core4 (Socket 0).4_CFREQ,"Core 4, socket 0",CFREQ,Average active core frequency,Intel PCM CSV,GHz,derived from hardware counters,0.001 requested,Preserved Intel PCM field,"Drop rows where every numeric candidate is NaN; fill remaining NaN values with the feature's benign mean when available, otherwise the global feature mean; center by the same mean; exclude constant features."
B,DDR5,Core4 (Socket 0).5_L3MISS,"Core 4, socket 0",L3MISS,L3 read cache misses during the reporting interval,Intel PCM CSV,million misses,counter delta scaled by Intel PCM,0.001 requested,Preserved Intel PCM field,"Drop rows where every numeric candidate is NaN; fill remaining NaN values with the feature's benign mean when available, otherwise the global feature mean; center by the same mean; exclude constant features."
B,DDR5,Core4 (Socket 0).6_L2MISS,"Core 4, socket 0",L2MISS,L2 read cache misses during the reporting interval; the PCM definition may include hits in another core's L2,Intel PCM CSV,million misses,counter delta scaled by Intel PCM,0.001 requested,Preserved Intel PCM field,"Drop rows where every numeric candidate is NaN; fill remaining NaN values with the feature's benign mean when available, otherwise the global feature mean; center by the same mean; exclude constant features."
B,DDR5,Core4 (Socket 0).7_L3HIT,"Core 4, socket 0",L3HIT,L3 read cache hit ratio,Intel PCM CSV,fraction,derived from hardware counters,0.001 requested,Preserved Intel PCM field,"Drop rows where every numeric candidate is NaN; fill remaining NaN values with the feature's benign mean when available, otherwise the global feature mean; center by the same mean; exclude constant features."
B,DDR5,Core4 (Socket 0).8_L2HIT,"Core 4, socket 0",L2HIT,L2 read cache hit ratio,Intel PCM CSV,fraction,derived from hardware counters,0.001 requested,Preserved Intel PCM field,"Drop rows where every numeric candidate is NaN; fill remaining NaN values with the feature's benign mean when available, otherwise the global feature mean; center by the same mean; exclude constant features."
B,DDR5,Core4 (Socket 0).9_L3MPI,"Core 4, socket 0",L3MPI,L3 read cache misses per retired instruction,Intel PCM CSV,misses/instruction,derived from hardware counters,0.001 requested,Preserved Intel PCM field,"Drop rows where every numeric candidate is NaN; fill remaining NaN values with the feature's benign mean when available, otherwise the global feature mean; center by the same mean; exclude constant features."
B,DDR5,Core4 (Socket 0).10_L2MPI,"Core 4, socket 0",L2MPI,L2 read cache misses per retired instruction,Intel PCM CSV,misses/instruction,derived from hardware counters,0.001 requested,Preserved Intel PCM field,"Drop rows where every numeric candidate is NaN; fill remaining NaN values with the feature's benign mean when available, otherwise the global feature mean; center by the same mean; exclude constant features."
B,DDR5,Core4 (Socket 0).11_C0res%,"Core 4, socket 0",C0res%,Residency in processor power state C0 during the reporting interval,Intel PCM CSV,%,derived from hardware counters,0.001 requested,Preserved Intel PCM field,"Drop rows where every numeric candidate is NaN; fill remaining NaN values with the feature's benign mean when available, otherwise the global feature mean; center by the same mean; exclude constant features."
B,DDR5,Core4 (Socket 0).12_C1res%,"Core 4, socket 0",C1res%,Residency in processor power state C1 during the reporting interval,Intel PCM CSV,%,derived from hardware counters,0.001 requested,Preserved Intel PCM field,"Drop rows where every numeric candidate is NaN; fill remaining NaN values with the feature's benign mean when available, otherwise the global feature mean; center by the same mean; exclude constant features."
B,DDR5,Core4 (Socket 0).13_C3res%,"Core 4, socket 0",C3res%,Residency in processor power state C3 during the reporting interval,Intel PCM CSV,%,derived from hardware counters,0.001 requested,Preserved Intel PCM field,"Drop rows where every numeric candidate is NaN; fill remaining NaN values with the feature's benign mean when available, otherwise the global feature mean; center by the same mean; exclude constant features."
B,DDR5,Core4 (Socket 0).14_C6res%,"Core 4, socket 0",C6res%,Residency in processor power state C6 during the reporting interval,Intel PCM CSV,%,derived from hardware counters,0.001 requested,Preserved Intel PCM field,"Drop rows where every numeric candidate is NaN; fill remaining NaN values with the feature's benign mean when available, otherwise the global feature mean; center by the same mean; exclude constant features."
B,DDR5,Core4 (Socket 0).15_C7res%,"Core 4, socket 0",C7res%,Residency in processor power state C7 during the reporting interval,Intel PCM CSV,%,derived from hardware counters,0.001 requested,Preserved Intel PCM field,"Drop rows where every numeric candidate is NaN; fill remaining NaN values with the feature's benign mean when available, otherwise the global feature mean; center by the same mean; exclude constant features."
B,DDR5,Core4 (Socket 0).16_TEMP,"Core 4, socket 0",TEMP,Thermal headroom relative to TjMax; zero corresponds to the maximum junction temperature,Intel PCM CSV,degree Celsius below TjMax,processor thermal sensor reported by Intel PCM,0.001 requested,Preserved Intel PCM field,"Drop rows where every numeric candidate is NaN; fill remaining NaN values with the feature's benign mean when available, otherwise the global feature mean; center by the same mean; exclude constant features."
B,DDR5,Core4 (Socket 0).17_INST,"Core 4, socket 0",INST,Retired instructions during the reporting interval,Intel PCM CSV,million instructions,counter delta scaled by Intel PCM,0.001 requested,Preserved Intel PCM field,"Drop rows where every numeric candidate is NaN; fill remaining NaN values with the feature's benign mean when available, otherwise the global feature mean; center by the same mean; exclude constant features."
B,DDR5,Core4 (Socket 0).18_ACYC,"Core 4, socket 0",ACYC,Unhalted core cycles during the reporting interval,Intel PCM CSV,million cycles,counter delta scaled by Intel PCM,0.001 requested,Preserved Intel PCM field,"Drop rows where every numeric candidate is NaN; fill remaining NaN values with the feature's benign mean when available, otherwise the global feature mean; center by the same mean; exclude constant features."
B,DDR5,Core4 (Socket 0).19_TIME(ticks),"Core 4, socket 0",TIME(ticks),Invariant timestamp counter ticks during the reporting interval,Intel PCM CSV,million ticks,counter delta scaled by Intel PCM,0.001 requested,Preserved Intel PCM field,"Drop rows where every numeric candidate is NaN; fill remaining NaN values with the feature's benign mean when available, otherwise the global feature mean; center by the same mean; exclude constant features."
B,DDR5,Core4 (Socket 0).20_PhysIPC,"Core 4, socket 0",PhysIPC,Instructions retired per physical core cycle,Intel PCM CSV,instructions/cycle,derived from hardware counters,0.001 requested,Preserved Intel PCM field,"Drop rows where every numeric candidate is NaN; fill remaining NaN values with the feature's benign mean when available, otherwise the global feature mean; center by the same mean; exclude constant features."
B,DDR5,Core4 (Socket 0).21_PhysIPC%,"Core 4, socket 0",PhysIPC%,Physical core IPC as a percentage of the processor maximum IPC,Intel PCM CSV,%,derived from hardware counters,0.001 requested,Preserved Intel PCM field,"Drop rows where every numeric candidate is NaN; fill remaining NaN values with the feature's benign mean when available, otherwise the global feature mean; center by the same mean; exclude constant features."
B,DDR5,Core4 (Socket 0).22_INSTnom,"Core 4, socket 0",INSTnom,Total instruction execution rate normalized to nominal cycles,Intel PCM CSV,instructions/nominal cycle,derived from hardware counters,0.001 requested,Preserved Intel PCM field,"Drop rows where every numeric candidate is NaN; fill remaining NaN values with the feature's benign mean when available, otherwise the global feature mean; center by the same mean; exclude constant features."
B,DDR5,Core4 (Socket 0).23_INSTnom%,"Core 4, socket 0",INSTnom%,Normalized instruction execution rate as a percentage of the processor maximum IPC,Intel PCM CSV,%,derived from hardware counters,0.001 requested,Preserved Intel PCM field,"Drop rows where every numeric candidate is NaN; fill remaining NaN values with the feature's benign mean when available, otherwise the global feature mean; center by the same mean; exclude constant features."
B,DDR5,Core5 (Socket 0)_EXEC,"Core 5, socket 0",EXEC,Instructions retired per nominal CPU cycle,Intel PCM CSV,ratio,derived from hardware counters,0.001 requested,Preserved Intel PCM field,"Drop rows where every numeric candidate is NaN; fill remaining NaN values with the feature's benign mean when available, otherwise the global feature mean; center by the same mean; exclude constant features."
B,DDR5,Core5 (Socket 0).1_IPC,"Core 5, socket 0",IPC,Instructions retired per unhalted CPU cycle,Intel PCM CSV,instructions/cycle,derived from hardware counters,0.001 requested,Preserved Intel PCM field,"Drop rows where every numeric candidate is NaN; fill remaining NaN values with the feature's benign mean when available, otherwise the global feature mean; center by the same mean; exclude constant features."
B,DDR5,Core5 (Socket 0).2_FREQ,"Core 5, socket 0",FREQ,Unhalted clock ticks divided by invariant timer ticks,Intel PCM CSV,ratio to nominal frequency,derived from hardware counters,0.001 requested,Preserved Intel PCM field,"Drop rows where every numeric candidate is NaN; fill remaining NaN values with the feature's benign mean when available, otherwise the global feature mean; center by the same mean; exclude constant features."
B,DDR5,Core5 (Socket 0).3_AFREQ,"Core 5, socket 0",AFREQ,Unhalted clock ticks divided by invariant timer ticks while the core is in C0,Intel PCM CSV,ratio to nominal frequency,derived from hardware counters,0.001 requested,Preserved Intel PCM field,"Drop rows where every numeric candidate is NaN; fill remaining NaN values with the feature's benign mean when available, otherwise the global feature mean; center by the same mean; exclude constant features."
B,DDR5,Core5 (Socket 0).4_CFREQ,"Core 5, socket 0",CFREQ,Average active core frequency,Intel PCM CSV,GHz,derived from hardware counters,0.001 requested,Preserved Intel PCM field,"Drop rows where every numeric candidate is NaN; fill remaining NaN values with the feature's benign mean when available, otherwise the global feature mean; center by the same mean; exclude constant features."
B,DDR5,Core5 (Socket 0).5_L3MISS,"Core 5, socket 0",L3MISS,L3 read cache misses during the reporting interval,Intel PCM CSV,million misses,counter delta scaled by Intel PCM,0.001 requested,Preserved Intel PCM field,"Drop rows where every numeric candidate is NaN; fill remaining NaN values with the feature's benign mean when available, otherwise the global feature mean; center by the same mean; exclude constant features."
B,DDR5,Core5 (Socket 0).6_L2MISS,"Core 5, socket 0",L2MISS,L2 read cache misses during the reporting interval; the PCM definition may include hits in another core's L2,Intel PCM CSV,million misses,counter delta scaled by Intel PCM,0.001 requested,Preserved Intel PCM field,"Drop rows where every numeric candidate is NaN; fill remaining NaN values with the feature's benign mean when available, otherwise the global feature mean; center by the same mean; exclude constant features."
B,DDR5,Core5 (Socket 0).7_L3HIT,"Core 5, socket 0",L3HIT,L3 read cache hit ratio,Intel PCM CSV,fraction,derived from hardware counters,0.001 requested,Preserved Intel PCM field,"Drop rows where every numeric candidate is NaN; fill remaining NaN values with the feature's benign mean when available, otherwise the global feature mean; center by the same mean; exclude constant features."
B,DDR5,Core5 (Socket 0).8_L2HIT,"Core 5, socket 0",L2HIT,L2 read cache hit ratio,Intel PCM CSV,fraction,derived from hardware counters,0.001 requested,Preserved Intel PCM field,"Drop rows where every numeric candidate is NaN; fill remaining NaN values with the feature's benign mean when available, otherwise the global feature mean; center by the same mean; exclude constant features."
B,DDR5,Core5 (Socket 0).9_L3MPI,"Core 5, socket 0",L3MPI,L3 read cache misses per retired instruction,Intel PCM CSV,misses/instruction,derived from hardware counters,0.001 requested,Preserved Intel PCM field,"Drop rows where every numeric candidate is NaN; fill remaining NaN values with the feature's benign mean when available, otherwise the global feature mean; center by the same mean; exclude constant features."
B,DDR5,Core5 (Socket 0).10_L2MPI,"Core 5, socket 0",L2MPI,L2 read cache misses per retired instruction,Intel PCM CSV,misses/instruction,derived from hardware counters,0.001 requested,Preserved Intel PCM field,"Drop rows where every numeric candidate is NaN; fill remaining NaN values with the feature's benign mean when available, otherwise the global feature mean; center by the same mean; exclude constant features."
B,DDR5,Core5 (Socket 0).11_C0res%,"Core 5, socket 0",C0res%,Residency in processor power state C0 during the reporting interval,Intel PCM CSV,%,derived from hardware counters,0.001 requested,Preserved Intel PCM field,"Drop rows where every numeric candidate is NaN; fill remaining NaN values with the feature's benign mean when available, otherwise the global feature mean; center by the same mean; exclude constant features."
B,DDR5,Core5 (Socket 0).12_C1res%,"Core 5, socket 0",C1res%,Residency in processor power state C1 during the reporting interval,Intel PCM CSV,%,derived from hardware counters,0.001 requested,Preserved Intel PCM field,"Drop rows where every numeric candidate is NaN; fill remaining NaN values with the feature's benign mean when available, otherwise the global feature mean; center by the same mean; exclude constant features."
B,DDR5,Core5 (Socket 0).13_C3res%,"Core 5, socket 0",C3res%,Residency in processor power state C3 during the reporting interval,Intel PCM CSV,%,derived from hardware counters,0.001 requested,Preserved Intel PCM field,"Drop rows where every numeric candidate is NaN; fill remaining NaN values with the feature's benign mean when available, otherwise the global feature mean; center by the same mean; exclude constant features."
B,DDR5,Core5 (Socket 0).14_C6res%,"Core 5, socket 0",C6res%,Residency in processor power state C6 during the reporting interval,Intel PCM CSV,%,derived from hardware counters,0.001 requested,Preserved Intel PCM field,"Drop rows where every numeric candidate is NaN; fill remaining NaN values with the feature's benign mean when available, otherwise the global feature mean; center by the same mean; exclude constant features."
B,DDR5,Core5 (Socket 0).15_C7res%,"Core 5, socket 0",C7res%,Residency in processor power state C7 during the reporting interval,Intel PCM CSV,%,derived from hardware counters,0.001 requested,Preserved Intel PCM field,"Drop rows where every numeric candidate is NaN; fill remaining NaN values with the feature's benign mean when available, otherwise the global feature mean; center by the same mean; exclude constant features."
B,DDR5,Core5 (Socket 0).16_TEMP,"Core 5, socket 0",TEMP,Thermal headroom relative to TjMax; zero corresponds to the maximum junction temperature,Intel PCM CSV,degree Celsius below TjMax,processor thermal sensor reported by Intel PCM,0.001 requested,Preserved Intel PCM field,"Drop rows where every numeric candidate is NaN; fill remaining NaN values with the feature's benign mean when available, otherwise the global feature mean; center by the same mean; exclude constant features."
B,DDR5,Core5 (Socket 0).17_INST,"Core 5, socket 0",INST,Retired instructions during the reporting interval,Intel PCM CSV,million instructions,counter delta scaled by Intel PCM,0.001 requested,Preserved Intel PCM field,"Drop rows where every numeric candidate is NaN; fill remaining NaN values with the feature's benign mean when available, otherwise the global feature mean; center by the same mean; exclude constant features."
B,DDR5,Core5 (Socket 0).18_ACYC,"Core 5, socket 0",ACYC,Unhalted core cycles during the reporting interval,Intel PCM CSV,million cycles,counter delta scaled by Intel PCM,0.001 requested,Preserved Intel PCM field,"Drop rows where every numeric candidate is NaN; fill remaining NaN values with the feature's benign mean when available, otherwise the global feature mean; center by the same mean; exclude constant features."
B,DDR5,Core5 (Socket 0).19_TIME(ticks),"Core 5, socket 0",TIME(ticks),Invariant timestamp counter ticks during the reporting interval,Intel PCM CSV,million ticks,counter delta scaled by Intel PCM,0.001 requested,Preserved Intel PCM field,"Drop rows where every numeric candidate is NaN; fill remaining NaN values with the feature's benign mean when available, otherwise the global feature mean; center by the same mean; exclude constant features."
B,DDR5,Core5 (Socket 0).20_PhysIPC,"Core 5, socket 0",PhysIPC,Instructions retired per physical core cycle,Intel PCM CSV,instructions/cycle,derived from hardware counters,0.001 requested,Preserved Intel PCM field,"Drop rows where every numeric candidate is NaN; fill remaining NaN values with the feature's benign mean when available, otherwise the global feature mean; center by the same mean; exclude constant features."
B,DDR5,Core5 (Socket 0).21_PhysIPC%,"Core 5, socket 0",PhysIPC%,Physical core IPC as a percentage of the processor maximum IPC,Intel PCM CSV,%,derived from hardware counters,0.001 requested,Preserved Intel PCM field,"Drop rows where every numeric candidate is NaN; fill remaining NaN values with the feature's benign mean when available, otherwise the global feature mean; center by the same mean; exclude constant features."
B,DDR5,Core5 (Socket 0).22_INSTnom,"Core 5, socket 0",INSTnom,Total instruction execution rate normalized to nominal cycles,Intel PCM CSV,instructions/nominal cycle,derived from hardware counters,0.001 requested,Preserved Intel PCM field,"Drop rows where every numeric candidate is NaN; fill remaining NaN values with the feature's benign mean when available, otherwise the global feature mean; center by the same mean; exclude constant features."
B,DDR5,Core5 (Socket 0).23_INSTnom%,"Core 5, socket 0",INSTnom%,Normalized instruction execution rate as a percentage of the processor maximum IPC,Intel PCM CSV,%,derived from hardware counters,0.001 requested,Preserved Intel PCM field,"Drop rows where every numeric candidate is NaN; fill remaining NaN values with the feature's benign mean when available, otherwise the global feature mean; center by the same mean; exclude constant features."
B,DDR5,Core6 (Socket 0)_EXEC,"Core 6, socket 0",EXEC,Instructions retired per nominal CPU cycle,Intel PCM CSV,ratio,derived from hardware counters,0.001 requested,Preserved Intel PCM field,"Drop rows where every numeric candidate is NaN; fill remaining NaN values with the feature's benign mean when available, otherwise the global feature mean; center by the same mean; exclude constant features."
B,DDR5,Core6 (Socket 0).1_IPC,"Core 6, socket 0",IPC,Instructions retired per unhalted CPU cycle,Intel PCM CSV,instructions/cycle,derived from hardware counters,0.001 requested,Preserved Intel PCM field,"Drop rows where every numeric candidate is NaN; fill remaining NaN values with the feature's benign mean when available, otherwise the global feature mean; center by the same mean; exclude constant features."
B,DDR5,Core6 (Socket 0).2_FREQ,"Core 6, socket 0",FREQ,Unhalted clock ticks divided by invariant timer ticks,Intel PCM CSV,ratio to nominal frequency,derived from hardware counters,0.001 requested,Preserved Intel PCM field,"Drop rows where every numeric candidate is NaN; fill remaining NaN values with the feature's benign mean when available, otherwise the global feature mean; center by the same mean; exclude constant features."
B,DDR5,Core6 (Socket 0).3_AFREQ,"Core 6, socket 0",AFREQ,Unhalted clock ticks divided by invariant timer ticks while the core is in C0,Intel PCM CSV,ratio to nominal frequency,derived from hardware counters,0.001 requested,Preserved Intel PCM field,"Drop rows where every numeric candidate is NaN; fill remaining NaN values with the feature's benign mean when available, otherwise the global feature mean; center by the same mean; exclude constant features."
B,DDR5,Core6 (Socket 0).4_CFREQ,"Core 6, socket 0",CFREQ,Average active core frequency,Intel PCM CSV,GHz,derived from hardware counters,0.001 requested,Preserved Intel PCM field,"Drop rows where every numeric candidate is NaN; fill remaining NaN values with the feature's benign mean when available, otherwise the global feature mean; center by the same mean; exclude constant features."
B,DDR5,Core6 (Socket 0).5_L3MISS,"Core 6, socket 0",L3MISS,L3 read cache misses during the reporting interval,Intel PCM CSV,million misses,counter delta scaled by Intel PCM,0.001 requested,Preserved Intel PCM field,"Drop rows where every numeric candidate is NaN; fill remaining NaN values with the feature's benign mean when available, otherwise the global feature mean; center by the same mean; exclude constant features."
B,DDR5,Core6 (Socket 0).6_L2MISS,"Core 6, socket 0",L2MISS,L2 read cache misses during the reporting interval; the PCM definition may include hits in another core's L2,Intel PCM CSV,million misses,counter delta scaled by Intel PCM,0.001 requested,Preserved Intel PCM field,"Drop rows where every numeric candidate is NaN; fill remaining NaN values with the feature's benign mean when available, otherwise the global feature mean; center by the same mean; exclude constant features."
B,DDR5,Core6 (Socket 0).7_L3HIT,"Core 6, socket 0",L3HIT,L3 read cache hit ratio,Intel PCM CSV,fraction,derived from hardware counters,0.001 requested,Preserved Intel PCM field,"Drop rows where every numeric candidate is NaN; fill remaining NaN values with the feature's benign mean when available, otherwise the global feature mean; center by the same mean; exclude constant features."
B,DDR5,Core6 (Socket 0).8_L2HIT,"Core 6, socket 0",L2HIT,L2 read cache hit ratio,Intel PCM CSV,fraction,derived from hardware counters,0.001 requested,Preserved Intel PCM field,"Drop rows where every numeric candidate is NaN; fill remaining NaN values with the feature's benign mean when available, otherwise the global feature mean; center by the same mean; exclude constant features."
B,DDR5,Core6 (Socket 0).9_L3MPI,"Core 6, socket 0",L3MPI,L3 read cache misses per retired instruction,Intel PCM CSV,misses/instruction,derived from hardware counters,0.001 requested,Preserved Intel PCM field,"Drop rows where every numeric candidate is NaN; fill remaining NaN values with the feature's benign mean when available, otherwise the global feature mean; center by the same mean; exclude constant features."
B,DDR5,Core6 (Socket 0).10_L2MPI,"Core 6, socket 0",L2MPI,L2 read cache misses per retired instruction,Intel PCM CSV,misses/instruction,derived from hardware counters,0.001 requested,Preserved Intel PCM field,"Drop rows where every numeric candidate is NaN; fill remaining NaN values with the feature's benign mean when available, otherwise the global feature mean; center by the same mean; exclude constant features."
B,DDR5,Core6 (Socket 0).11_C0res%,"Core 6, socket 0",C0res%,Residency in processor power state C0 during the reporting interval,Intel PCM CSV,%,derived from hardware counters,0.001 requested,Preserved Intel PCM field,"Drop rows where every numeric candidate is NaN; fill remaining NaN values with the feature's benign mean when available, otherwise the global feature mean; center by the same mean; exclude constant features."
B,DDR5,Core6 (Socket 0).12_C1res%,"Core 6, socket 0",C1res%,Residency in processor power state C1 during the reporting interval,Intel PCM CSV,%,derived from hardware counters,0.001 requested,Preserved Intel PCM field,"Drop rows where every numeric candidate is NaN; fill remaining NaN values with the feature's benign mean when available, otherwise the global feature mean; center by the same mean; exclude constant features."
B,DDR5,Core6 (Socket 0).13_C3res%,"Core 6, socket 0",C3res%,Residency in processor power state C3 during the reporting interval,Intel PCM CSV,%,derived from hardware counters,0.001 requested,Preserved Intel PCM field,"Drop rows where every numeric candidate is NaN; fill remaining NaN values with the feature's benign mean when available, otherwise the global feature mean; center by the same mean; exclude constant features."
B,DDR5,Core6 (Socket 0).14_C6res%,"Core 6, socket 0",C6res%,Residency in processor power state C6 during the reporting interval,Intel PCM CSV,%,derived from hardware counters,0.001 requested,Preserved Intel PCM field,"Drop rows where every numeric candidate is NaN; fill remaining NaN values with the feature's benign mean when available, otherwise the global feature mean; center by the same mean; exclude constant features."
B,DDR5,Core6 (Socket 0).15_C7res%,"Core 6, socket 0",C7res%,Residency in processor power state C7 during the reporting interval,Intel PCM CSV,%,derived from hardware counters,0.001 requested,Preserved Intel PCM field,"Drop rows where every numeric candidate is NaN; fill remaining NaN values with the feature's benign mean when available, otherwise the global feature mean; center by the same mean; exclude constant features."
B,DDR5,Core6 (Socket 0).16_TEMP,"Core 6, socket 0",TEMP,Thermal headroom relative to TjMax; zero corresponds to the maximum junction temperature,Intel PCM CSV,degree Celsius below TjMax,processor thermal sensor reported by Intel PCM,0.001 requested,Preserved Intel PCM field,"Drop rows where every numeric candidate is NaN; fill remaining NaN values with the feature's benign mean when available, otherwise the global feature mean; center by the same mean; exclude constant features."
B,DDR5,Core6 (Socket 0).17_INST,"Core 6, socket 0",INST,Retired instructions during the reporting interval,Intel PCM CSV,million instructions,counter delta scaled by Intel PCM,0.001 requested,Preserved Intel PCM field,"Drop rows where every numeric candidate is NaN; fill remaining NaN values with the feature's benign mean when available, otherwise the global feature mean; center by the same mean; exclude constant features."
B,DDR5,Core6 (Socket 0).18_ACYC,"Core 6, socket 0",ACYC,Unhalted core cycles during the reporting interval,Intel PCM CSV,million cycles,counter delta scaled by Intel PCM,0.001 requested,Preserved Intel PCM field,"Drop rows where every numeric candidate is NaN; fill remaining NaN values with the feature's benign mean when available, otherwise the global feature mean; center by the same mean; exclude constant features."
B,DDR5,Core6 (Socket 0).19_TIME(ticks),"Core 6, socket 0",TIME(ticks),Invariant timestamp counter ticks during the reporting interval,Intel PCM CSV,million ticks,counter delta scaled by Intel PCM,0.001 requested,Preserved Intel PCM field,"Drop rows where every numeric candidate is NaN; fill remaining NaN values with the feature's benign mean when available, otherwise the global feature mean; center by the same mean; exclude constant features."
B,DDR5,Core6 (Socket 0).20_PhysIPC,"Core 6, socket 0",PhysIPC,Instructions retired per physical core cycle,Intel PCM CSV,instructions/cycle,derived from hardware counters,0.001 requested,Preserved Intel PCM field,"Drop rows where every numeric candidate is NaN; fill remaining NaN values with the feature's benign mean when available, otherwise the global feature mean; center by the same mean; exclude constant features."
B,DDR5,Core6 (Socket 0).21_PhysIPC%,"Core 6, socket 0",PhysIPC%,Physical core IPC as a percentage of the processor maximum IPC,Intel PCM CSV,%,derived from hardware counters,0.001 requested,Preserved Intel PCM field,"Drop rows where every numeric candidate is NaN; fill remaining NaN values with the feature's benign mean when available, otherwise the global feature mean; center by the same mean; exclude constant features."
B,DDR5,Core6 (Socket 0).22_INSTnom,"Core 6, socket 0",INSTnom,Total instruction execution rate normalized to nominal cycles,Intel PCM CSV,instructions/nominal cycle,derived from hardware counters,0.001 requested,Preserved Intel PCM field,"Drop rows where every numeric candidate is NaN; fill remaining NaN values with the feature's benign mean when available, otherwise the global feature mean; center by the same mean; exclude constant features."
B,DDR5,Core6 (Socket 0).23_INSTnom%,"Core 6, socket 0",INSTnom%,Normalized instruction execution rate as a percentage of the processor maximum IPC,Intel PCM CSV,%,derived from hardware counters,0.001 requested,Preserved Intel PCM field,"Drop rows where every numeric candidate is NaN; fill remaining NaN values with the feature's benign mean when available, otherwise the global feature mean; center by the same mean; exclude constant features."
B,DDR5,Core7 (Socket 0)_EXEC,"Core 7, socket 0",EXEC,Instructions retired per nominal CPU cycle,Intel PCM CSV,ratio,derived from hardware counters,0.001 requested,Preserved Intel PCM field,"Drop rows where every numeric candidate is NaN; fill remaining NaN values with the feature's benign mean when available, otherwise the global feature mean; center by the same mean; exclude constant features."
B,DDR5,Core7 (Socket 0).1_IPC,"Core 7, socket 0",IPC,Instructions retired per unhalted CPU cycle,Intel PCM CSV,instructions/cycle,derived from hardware counters,0.001 requested,Preserved Intel PCM field,"Drop rows where every numeric candidate is NaN; fill remaining NaN values with the feature's benign mean when available, otherwise the global feature mean; center by the same mean; exclude constant features."
B,DDR5,Core7 (Socket 0).2_FREQ,"Core 7, socket 0",FREQ,Unhalted clock ticks divided by invariant timer ticks,Intel PCM CSV,ratio to nominal frequency,derived from hardware counters,0.001 requested,Preserved Intel PCM field,"Drop rows where every numeric candidate is NaN; fill remaining NaN values with the feature's benign mean when available, otherwise the global feature mean; center by the same mean; exclude constant features."
B,DDR5,Core7 (Socket 0).3_AFREQ,"Core 7, socket 0",AFREQ,Unhalted clock ticks divided by invariant timer ticks while the core is in C0,Intel PCM CSV,ratio to nominal frequency,derived from hardware counters,0.001 requested,Preserved Intel PCM field,"Drop rows where every numeric candidate is NaN; fill remaining NaN values with the feature's benign mean when available, otherwise the global feature mean; center by the same mean; exclude constant features."
B,DDR5,Core7 (Socket 0).4_CFREQ,"Core 7, socket 0",CFREQ,Average active core frequency,Intel PCM CSV,GHz,derived from hardware counters,0.001 requested,Preserved Intel PCM field,"Drop rows where every numeric candidate is NaN; fill remaining NaN values with the feature's benign mean when available, otherwise the global feature mean; center by the same mean; exclude constant features."
B,DDR5,Core7 (Socket 0).5_L3MISS,"Core 7, socket 0",L3MISS,L3 read cache misses during the reporting interval,Intel PCM CSV,million misses,counter delta scaled by Intel PCM,0.001 requested,Preserved Intel PCM field,"Drop rows where every numeric candidate is NaN; fill remaining NaN values with the feature's benign mean when available, otherwise the global feature mean; center by the same mean; exclude constant features."
B,DDR5,Core7 (Socket 0).6_L2MISS,"Core 7, socket 0",L2MISS,L2 read cache misses during the reporting interval; the PCM definition may include hits in another core's L2,Intel PCM CSV,million misses,counter delta scaled by Intel PCM,0.001 requested,Preserved Intel PCM field,"Drop rows where every numeric candidate is NaN; fill remaining NaN values with the feature's benign mean when available, otherwise the global feature mean; center by the same mean; exclude constant features."
B,DDR5,Core7 (Socket 0).7_L3HIT,"Core 7, socket 0",L3HIT,L3 read cache hit ratio,Intel PCM CSV,fraction,derived from hardware counters,0.001 requested,Preserved Intel PCM field,"Drop rows where every numeric candidate is NaN; fill remaining NaN values with the feature's benign mean when available, otherwise the global feature mean; center by the same mean; exclude constant features."
B,DDR5,Core7 (Socket 0).8_L2HIT,"Core 7, socket 0",L2HIT,L2 read cache hit ratio,Intel PCM CSV,fraction,derived from hardware counters,0.001 requested,Preserved Intel PCM field,"Drop rows where every numeric candidate is NaN; fill remaining NaN values with the feature's benign mean when available, otherwise the global feature mean; center by the same mean; exclude constant features."
B,DDR5,Core7 (Socket 0).9_L3MPI,"Core 7, socket 0",L3MPI,L3 read cache misses per retired instruction,Intel PCM CSV,misses/instruction,derived from hardware counters,0.001 requested,Preserved Intel PCM field,"Drop rows where every numeric candidate is NaN; fill remaining NaN values with the feature's benign mean when available, otherwise the global feature mean; center by the same mean; exclude constant features."
B,DDR5,Core7 (Socket 0).10_L2MPI,"Core 7, socket 0",L2MPI,L2 read cache misses per retired instruction,Intel PCM CSV,misses/instruction,derived from hardware counters,0.001 requested,Preserved Intel PCM field,"Drop rows where every numeric candidate is NaN; fill remaining NaN values with the feature's benign mean when available, otherwise the global feature mean; center by the same mean; exclude constant features."
B,DDR5,Core7 (Socket 0).11_C0res%,"Core 7, socket 0",C0res%,Residency in processor power state C0 during the reporting interval,Intel PCM CSV,%,derived from hardware counters,0.001 requested,Preserved Intel PCM field,"Drop rows where every numeric candidate is NaN; fill remaining NaN values with the feature's benign mean when available, otherwise the global feature mean; center by the same mean; exclude constant features."
B,DDR5,Core7 (Socket 0).12_C1res%,"Core 7, socket 0",C1res%,Residency in processor power state C1 during the reporting interval,Intel PCM CSV,%,derived from hardware counters,0.001 requested,Preserved Intel PCM field,"Drop rows where every numeric candidate is NaN; fill remaining NaN values with the feature's benign mean when available, otherwise the global feature mean; center by the same mean; exclude constant features."
B,DDR5,Core7 (Socket 0).13_C3res%,"Core 7, socket 0",C3res%,Residency in processor power state C3 during the reporting interval,Intel PCM CSV,%,derived from hardware counters,0.001 requested,Preserved Intel PCM field,"Drop rows where every numeric candidate is NaN; fill remaining NaN values with the feature's benign mean when available, otherwise the global feature mean; center by the same mean; exclude constant features."
B,DDR5,Core7 (Socket 0).14_C6res%,"Core 7, socket 0",C6res%,Residency in processor power state C6 during the reporting interval,Intel PCM CSV,%,derived from hardware counters,0.001 requested,Preserved Intel PCM field,"Drop rows where every numeric candidate is NaN; fill remaining NaN values with the feature's benign mean when available, otherwise the global feature mean; center by the same mean; exclude constant features."
B,DDR5,Core7 (Socket 0).15_C7res%,"Core 7, socket 0",C7res%,Residency in processor power state C7 during the reporting interval,Intel PCM CSV,%,derived from hardware counters,0.001 requested,Preserved Intel PCM field,"Drop rows where every numeric candidate is NaN; fill remaining NaN values with the feature's benign mean when available, otherwise the global feature mean; center by the same mean; exclude constant features."
B,DDR5,Core7 (Socket 0).16_TEMP,"Core 7, socket 0",TEMP,Thermal headroom relative to TjMax; zero corresponds to the maximum junction temperature,Intel PCM CSV,degree Celsius below TjMax,processor thermal sensor reported by Intel PCM,0.001 requested,Preserved Intel PCM field,"Drop rows where every numeric candidate is NaN; fill remaining NaN values with the feature's benign mean when available, otherwise the global feature mean; center by the same mean; exclude constant features."
B,DDR5,Core7 (Socket 0).17_INST,"Core 7, socket 0",INST,Retired instructions during the reporting interval,Intel PCM CSV,million instructions,counter delta scaled by Intel PCM,0.001 requested,Preserved Intel PCM field,"Drop rows where every numeric candidate is NaN; fill remaining NaN values with the feature's benign mean when available, otherwise the global feature mean; center by the same mean; exclude constant features."
B,DDR5,Core7 (Socket 0).18_ACYC,"Core 7, socket 0",ACYC,Unhalted core cycles during the reporting interval,Intel PCM CSV,million cycles,counter delta scaled by Intel PCM,0.001 requested,Preserved Intel PCM field,"Drop rows where every numeric candidate is NaN; fill remaining NaN values with the feature's benign mean when available, otherwise the global feature mean; center by the same mean; exclude constant features."
B,DDR5,Core7 (Socket 0).19_TIME(ticks),"Core 7, socket 0",TIME(ticks),Invariant timestamp counter ticks during the reporting interval,Intel PCM CSV,million ticks,counter delta scaled by Intel PCM,0.001 requested,Preserved Intel PCM field,"Drop rows where every numeric candidate is NaN; fill remaining NaN values with the feature's benign mean when available, otherwise the global feature mean; center by the same mean; exclude constant features."
B,DDR5,Core7 (Socket 0).20_PhysIPC,"Core 7, socket 0",PhysIPC,Instructions retired per physical core cycle,Intel PCM CSV,instructions/cycle,derived from hardware counters,0.001 requested,Preserved Intel PCM field,"Drop rows where every numeric candidate is NaN; fill remaining NaN values with the feature's benign mean when available, otherwise the global feature mean; center by the same mean; exclude constant features."
B,DDR5,Core7 (Socket 0).21_PhysIPC%,"Core 7, socket 0",PhysIPC%,Physical core IPC as a percentage of the processor maximum IPC,Intel PCM CSV,%,derived from hardware counters,0.001 requested,Preserved Intel PCM field,"Drop rows where every numeric candidate is NaN; fill remaining NaN values with the feature's benign mean when available, otherwise the global feature mean; center by the same mean; exclude constant features."
B,DDR5,Core7 (Socket 0).22_INSTnom,"Core 7, socket 0",INSTnom,Total instruction execution rate normalized to nominal cycles,Intel PCM CSV,instructions/nominal cycle,derived from hardware counters,0.001 requested,Preserved Intel PCM field,"Drop rows where every numeric candidate is NaN; fill remaining NaN values with the feature's benign mean when available, otherwise the global feature mean; center by the same mean; exclude constant features."
B,DDR5,Core7 (Socket 0).23_INSTnom%,"Core 7, socket 0",INSTnom%,Normalized instruction execution rate as a percentage of the processor maximum IPC,Intel PCM CSV,%,derived from hardware counters,0.001 requested,Preserved Intel PCM field,"Drop rows where every numeric candidate is NaN; fill remaining NaN values with the feature's benign mean when available, otherwise the global feature mean; center by the same mean; exclude constant features."
B,DDR5,Core8 (Socket 0)_EXEC,"Core 8, socket 0",EXEC,Instructions retired per nominal CPU cycle,Intel PCM CSV,ratio,derived from hardware counters,0.001 requested,Preserved Intel PCM field,"Drop rows where every numeric candidate is NaN; fill remaining NaN values with the feature's benign mean when available, otherwise the global feature mean; center by the same mean; exclude constant features."
B,DDR5,Core8 (Socket 0).1_IPC,"Core 8, socket 0",IPC,Instructions retired per unhalted CPU cycle,Intel PCM CSV,instructions/cycle,derived from hardware counters,0.001 requested,Preserved Intel PCM field,"Drop rows where every numeric candidate is NaN; fill remaining NaN values with the feature's benign mean when available, otherwise the global feature mean; center by the same mean; exclude constant features."
B,DDR5,Core8 (Socket 0).2_FREQ,"Core 8, socket 0",FREQ,Unhalted clock ticks divided by invariant timer ticks,Intel PCM CSV,ratio to nominal frequency,derived from hardware counters,0.001 requested,Preserved Intel PCM field,"Drop rows where every numeric candidate is NaN; fill remaining NaN values with the feature's benign mean when available, otherwise the global feature mean; center by the same mean; exclude constant features."
B,DDR5,Core8 (Socket 0).3_AFREQ,"Core 8, socket 0",AFREQ,Unhalted clock ticks divided by invariant timer ticks while the core is in C0,Intel PCM CSV,ratio to nominal frequency,derived from hardware counters,0.001 requested,Preserved Intel PCM field,"Drop rows where every numeric candidate is NaN; fill remaining NaN values with the feature's benign mean when available, otherwise the global feature mean; center by the same mean; exclude constant features."
B,DDR5,Core8 (Socket 0).4_CFREQ,"Core 8, socket 0",CFREQ,Average active core frequency,Intel PCM CSV,GHz,derived from hardware counters,0.001 requested,Preserved Intel PCM field,"Drop rows where every numeric candidate is NaN; fill remaining NaN values with the feature's benign mean when available, otherwise the global feature mean; center by the same mean; exclude constant features."
B,DDR5,Core8 (Socket 0).5_L3MISS,"Core 8, socket 0",L3MISS,L3 read cache misses during the reporting interval,Intel PCM CSV,million misses,counter delta scaled by Intel PCM,0.001 requested,Preserved Intel PCM field,"Drop rows where every numeric candidate is NaN; fill remaining NaN values with the feature's benign mean when available, otherwise the global feature mean; center by the same mean; exclude constant features."
B,DDR5,Core8 (Socket 0).6_L2MISS,"Core 8, socket 0",L2MISS,L2 read cache misses during the reporting interval; the PCM definition may include hits in another core's L2,Intel PCM CSV,million misses,counter delta scaled by Intel PCM,0.001 requested,Preserved Intel PCM field,"Drop rows where every numeric candidate is NaN; fill remaining NaN values with the feature's benign mean when available, otherwise the global feature mean; center by the same mean; exclude constant features."
B,DDR5,Core8 (Socket 0).7_L3HIT,"Core 8, socket 0",L3HIT,L3 read cache hit ratio,Intel PCM CSV,fraction,derived from hardware counters,0.001 requested,Preserved Intel PCM field,"Drop rows where every numeric candidate is NaN; fill remaining NaN values with the feature's benign mean when available, otherwise the global feature mean; center by the same mean; exclude constant features."
B,DDR5,Core8 (Socket 0).8_L2HIT,"Core 8, socket 0",L2HIT,L2 read cache hit ratio,Intel PCM CSV,fraction,derived from hardware counters,0.001 requested,Preserved Intel PCM field,"Drop rows where every numeric candidate is NaN; fill remaining NaN values with the feature's benign mean when available, otherwise the global feature mean; center by the same mean; exclude constant features."
B,DDR5,Core8 (Socket 0).9_L3MPI,"Core 8, socket 0",L3MPI,L3 read cache misses per retired instruction,Intel PCM CSV,misses/instruction,derived from hardware counters,0.001 requested,Preserved Intel PCM field,"Drop rows where every numeric candidate is NaN; fill remaining NaN values with the feature's benign mean when available, otherwise the global feature mean; center by the same mean; exclude constant features."
B,DDR5,Core8 (Socket 0).10_L2MPI,"Core 8, socket 0",L2MPI,L2 read cache misses per retired instruction,Intel PCM CSV,misses/instruction,derived from hardware counters,0.001 requested,Preserved Intel PCM field,"Drop rows where every numeric candidate is NaN; fill remaining NaN values with the feature's benign mean when available, otherwise the global feature mean; center by the same mean; exclude constant features."
B,DDR5,Core8 (Socket 0).11_C0res%,"Core 8, socket 0",C0res%,Residency in processor power state C0 during the reporting interval,Intel PCM CSV,%,derived from hardware counters,0.001 requested,Preserved Intel PCM field,"Drop rows where every numeric candidate is NaN; fill remaining NaN values with the feature's benign mean when available, otherwise the global feature mean; center by the same mean; exclude constant features."
B,DDR5,Core8 (Socket 0).12_C1res%,"Core 8, socket 0",C1res%,Residency in processor power state C1 during the reporting interval,Intel PCM CSV,%,derived from hardware counters,0.001 requested,Preserved Intel PCM field,"Drop rows where every numeric candidate is NaN; fill remaining NaN values with the feature's benign mean when available, otherwise the global feature mean; center by the same mean; exclude constant features."
B,DDR5,Core8 (Socket 0).13_C3res%,"Core 8, socket 0",C3res%,Residency in processor power state C3 during the reporting interval,Intel PCM CSV,%,derived from hardware counters,0.001 requested,Preserved Intel PCM field,"Drop rows where every numeric candidate is NaN; fill remaining NaN values with the feature's benign mean when available, otherwise the global feature mean; center by the same mean; exclude constant features."
B,DDR5,Core8 (Socket 0).14_C6res%,"Core 8, socket 0",C6res%,Residency in processor power state C6 during the reporting interval,Intel PCM CSV,%,derived from hardware counters,0.001 requested,Preserved Intel PCM field,"Drop rows where every numeric candidate is NaN; fill remaining NaN values with the feature's benign mean when available, otherwise the global feature mean; center by the same mean; exclude constant features."
B,DDR5,Core8 (Socket 0).15_C7res%,"Core 8, socket 0",C7res%,Residency in processor power state C7 during the reporting interval,Intel PCM CSV,%,derived from hardware counters,0.001 requested,Preserved Intel PCM field,"Drop rows where every numeric candidate is NaN; fill remaining NaN values with the feature's benign mean when available, otherwise the global feature mean; center by the same mean; exclude constant features."
B,DDR5,Core8 (Socket 0).16_TEMP,"Core 8, socket 0",TEMP,Thermal headroom relative to TjMax; zero corresponds to the maximum junction temperature,Intel PCM CSV,degree Celsius below TjMax,processor thermal sensor reported by Intel PCM,0.001 requested,Preserved Intel PCM field,"Drop rows where every numeric candidate is NaN; fill remaining NaN values with the feature's benign mean when available, otherwise the global feature mean; center by the same mean; exclude constant features."
B,DDR5,Core8 (Socket 0).17_INST,"Core 8, socket 0",INST,Retired instructions during the reporting interval,Intel PCM CSV,million instructions,counter delta scaled by Intel PCM,0.001 requested,Preserved Intel PCM field,"Drop rows where every numeric candidate is NaN; fill remaining NaN values with the feature's benign mean when available, otherwise the global feature mean; center by the same mean; exclude constant features."
B,DDR5,Core8 (Socket 0).18_ACYC,"Core 8, socket 0",ACYC,Unhalted core cycles during the reporting interval,Intel PCM CSV,million cycles,counter delta scaled by Intel PCM,0.001 requested,Preserved Intel PCM field,"Drop rows where every numeric candidate is NaN; fill remaining NaN values with the feature's benign mean when available, otherwise the global feature mean; center by the same mean; exclude constant features."
B,DDR5,Core8 (Socket 0).19_TIME(ticks),"Core 8, socket 0",TIME(ticks),Invariant timestamp counter ticks during the reporting interval,Intel PCM CSV,million ticks,counter delta scaled by Intel PCM,0.001 requested,Preserved Intel PCM field,"Drop rows where every numeric candidate is NaN; fill remaining NaN values with the feature's benign mean when available, otherwise the global feature mean; center by the same mean; exclude constant features."
B,DDR5,Core8 (Socket 0).20_PhysIPC,"Core 8, socket 0",PhysIPC,Instructions retired per physical core cycle,Intel PCM CSV,instructions/cycle,derived from hardware counters,0.001 requested,Preserved Intel PCM field,"Drop rows where every numeric candidate is NaN; fill remaining NaN values with the feature's benign mean when available, otherwise the global feature mean; center by the same mean; exclude constant features."
B,DDR5,Core8 (Socket 0).21_PhysIPC%,"Core 8, socket 0",PhysIPC%,Physical core IPC as a percentage of the processor maximum IPC,Intel PCM CSV,%,derived from hardware counters,0.001 requested,Preserved Intel PCM field,"Drop rows where every numeric candidate is NaN; fill remaining NaN values with the feature's benign mean when available, otherwise the global feature mean; center by the same mean; exclude constant features."
B,DDR5,Core8 (Socket 0).22_INSTnom,"Core 8, socket 0",INSTnom,Total instruction execution rate normalized to nominal cycles,Intel PCM CSV,instructions/nominal cycle,derived from hardware counters,0.001 requested,Preserved Intel PCM field,"Drop rows where every numeric candidate is NaN; fill remaining NaN values with the feature's benign mean when available, otherwise the global feature mean; center by the same mean; exclude constant features."
B,DDR5,Core8 (Socket 0).23_INSTnom%,"Core 8, socket 0",INSTnom%,Normalized instruction execution rate as a percentage of the processor maximum IPC,Intel PCM CSV,%,derived from hardware counters,0.001 requested,Preserved Intel PCM field,"Drop rows where every numeric candidate is NaN; fill remaining NaN values with the feature's benign mean when available, otherwise the global feature mean; center by the same mean; exclude constant features."
B,DDR5,Core9 (Socket 0)_EXEC,"Core 9, socket 0",EXEC,Instructions retired per nominal CPU cycle,Intel PCM CSV,ratio,derived from hardware counters,0.001 requested,Preserved Intel PCM field,"Drop rows where every numeric candidate is NaN; fill remaining NaN values with the feature's benign mean when available, otherwise the global feature mean; center by the same mean; exclude constant features."
B,DDR5,Core9 (Socket 0).1_IPC,"Core 9, socket 0",IPC,Instructions retired per unhalted CPU cycle,Intel PCM CSV,instructions/cycle,derived from hardware counters,0.001 requested,Preserved Intel PCM field,"Drop rows where every numeric candidate is NaN; fill remaining NaN values with the feature's benign mean when available, otherwise the global feature mean; center by the same mean; exclude constant features."
B,DDR5,Core9 (Socket 0).2_FREQ,"Core 9, socket 0",FREQ,Unhalted clock ticks divided by invariant timer ticks,Intel PCM CSV,ratio to nominal frequency,derived from hardware counters,0.001 requested,Preserved Intel PCM field,"Drop rows where every numeric candidate is NaN; fill remaining NaN values with the feature's benign mean when available, otherwise the global feature mean; center by the same mean; exclude constant features."
B,DDR5,Core9 (Socket 0).3_AFREQ,"Core 9, socket 0",AFREQ,Unhalted clock ticks divided by invariant timer ticks while the core is in C0,Intel PCM CSV,ratio to nominal frequency,derived from hardware counters,0.001 requested,Preserved Intel PCM field,"Drop rows where every numeric candidate is NaN; fill remaining NaN values with the feature's benign mean when available, otherwise the global feature mean; center by the same mean; exclude constant features."
B,DDR5,Core9 (Socket 0).4_CFREQ,"Core 9, socket 0",CFREQ,Average active core frequency,Intel PCM CSV,GHz,derived from hardware counters,0.001 requested,Preserved Intel PCM field,"Drop rows where every numeric candidate is NaN; fill remaining NaN values with the feature's benign mean when available, otherwise the global feature mean; center by the same mean; exclude constant features."
B,DDR5,Core9 (Socket 0).5_L3MISS,"Core 9, socket 0",L3MISS,L3 read cache misses during the reporting interval,Intel PCM CSV,million misses,counter delta scaled by Intel PCM,0.001 requested,Preserved Intel PCM field,"Drop rows where every numeric candidate is NaN; fill remaining NaN values with the feature's benign mean when available, otherwise the global feature mean; center by the same mean; exclude constant features."
B,DDR5,Core9 (Socket 0).6_L2MISS,"Core 9, socket 0",L2MISS,L2 read cache misses during the reporting interval; the PCM definition may include hits in another core's L2,Intel PCM CSV,million misses,counter delta scaled by Intel PCM,0.001 requested,Preserved Intel PCM field,"Drop rows where every numeric candidate is NaN; fill remaining NaN values with the feature's benign mean when available, otherwise the global feature mean; center by the same mean; exclude constant features."
B,DDR5,Core9 (Socket 0).7_L3HIT,"Core 9, socket 0",L3HIT,L3 read cache hit ratio,Intel PCM CSV,fraction,derived from hardware counters,0.001 requested,Preserved Intel PCM field,"Drop rows where every numeric candidate is NaN; fill remaining NaN values with the feature's benign mean when available, otherwise the global feature mean; center by the same mean; exclude constant features."
B,DDR5,Core9 (Socket 0).8_L2HIT,"Core 9, socket 0",L2HIT,L2 read cache hit ratio,Intel PCM CSV,fraction,derived from hardware counters,0.001 requested,Preserved Intel PCM field,"Drop rows where every numeric candidate is NaN; fill remaining NaN values with the feature's benign mean when available, otherwise the global feature mean; center by the same mean; exclude constant features."
B,DDR5,Core9 (Socket 0).9_L3MPI,"Core 9, socket 0",L3MPI,L3 read cache misses per retired instruction,Intel PCM CSV,misses/instruction,derived from hardware counters,0.001 requested,Preserved Intel PCM field,"Drop rows where every numeric candidate is NaN; fill remaining NaN values with the feature's benign mean when available, otherwise the global feature mean; center by the same mean; exclude constant features."
B,DDR5,Core9 (Socket 0).10_L2MPI,"Core 9, socket 0",L2MPI,L2 read cache misses per retired instruction,Intel PCM CSV,misses/instruction,derived from hardware counters,0.001 requested,Preserved Intel PCM field,"Drop rows where every numeric candidate is NaN; fill remaining NaN values with the feature's benign mean when available, otherwise the global feature mean; center by the same mean; exclude constant features."
B,DDR5,Core9 (Socket 0).11_C0res%,"Core 9, socket 0",C0res%,Residency in processor power state C0 during the reporting interval,Intel PCM CSV,%,derived from hardware counters,0.001 requested,Preserved Intel PCM field,"Drop rows where every numeric candidate is NaN; fill remaining NaN values with the feature's benign mean when available, otherwise the global feature mean; center by the same mean; exclude constant features."
B,DDR5,Core9 (Socket 0).12_C1res%,"Core 9, socket 0",C1res%,Residency in processor power state C1 during the reporting interval,Intel PCM CSV,%,derived from hardware counters,0.001 requested,Preserved Intel PCM field,"Drop rows where every numeric candidate is NaN; fill remaining NaN values with the feature's benign mean when available, otherwise the global feature mean; center by the same mean; exclude constant features."
B,DDR5,Core9 (Socket 0).13_C3res%,"Core 9, socket 0",C3res%,Residency in processor power state C3 during the reporting interval,Intel PCM CSV,%,derived from hardware counters,0.001 requested,Preserved Intel PCM field,"Drop rows where every numeric candidate is NaN; fill remaining NaN values with the feature's benign mean when available, otherwise the global feature mean; center by the same mean; exclude constant features."
B,DDR5,Core9 (Socket 0).14_C6res%,"Core 9, socket 0",C6res%,Residency in processor power state C6 during the reporting interval,Intel PCM CSV,%,derived from hardware counters,0.001 requested,Preserved Intel PCM field,"Drop rows where every numeric candidate is NaN; fill remaining NaN values with the feature's benign mean when available, otherwise the global feature mean; center by the same mean; exclude constant features."
B,DDR5,Core9 (Socket 0).15_C7res%,"Core 9, socket 0",C7res%,Residency in processor power state C7 during the reporting interval,Intel PCM CSV,%,derived from hardware counters,0.001 requested,Preserved Intel PCM field,"Drop rows where every numeric candidate is NaN; fill remaining NaN values with the feature's benign mean when available, otherwise the global feature mean; center by the same mean; exclude constant features."
B,DDR5,Core9 (Socket 0).16_TEMP,"Core 9, socket 0",TEMP,Thermal headroom relative to TjMax; zero corresponds to the maximum junction temperature,Intel PCM CSV,degree Celsius below TjMax,processor thermal sensor reported by Intel PCM,0.001 requested,Preserved Intel PCM field,"Drop rows where every numeric candidate is NaN; fill remaining NaN values with the feature's benign mean when available, otherwise the global feature mean; center by the same mean; exclude constant features."
B,DDR5,Core9 (Socket 0).17_INST,"Core 9, socket 0",INST,Retired instructions during the reporting interval,Intel PCM CSV,million instructions,counter delta scaled by Intel PCM,0.001 requested,Preserved Intel PCM field,"Drop rows where every numeric candidate is NaN; fill remaining NaN values with the feature's benign mean when available, otherwise the global feature mean; center by the same mean; exclude constant features."
B,DDR5,Core9 (Socket 0).18_ACYC,"Core 9, socket 0",ACYC,Unhalted core cycles during the reporting interval,Intel PCM CSV,million cycles,counter delta scaled by Intel PCM,0.001 requested,Preserved Intel PCM field,"Drop rows where every numeric candidate is NaN; fill remaining NaN values with the feature's benign mean when available, otherwise the global feature mean; center by the same mean; exclude constant features."
B,DDR5,Core9 (Socket 0).19_TIME(ticks),"Core 9, socket 0",TIME(ticks),Invariant timestamp counter ticks during the reporting interval,Intel PCM CSV,million ticks,counter delta scaled by Intel PCM,0.001 requested,Preserved Intel PCM field,"Drop rows where every numeric candidate is NaN; fill remaining NaN values with the feature's benign mean when available, otherwise the global feature mean; center by the same mean; exclude constant features."
B,DDR5,Core9 (Socket 0).20_PhysIPC,"Core 9, socket 0",PhysIPC,Instructions retired per physical core cycle,Intel PCM CSV,instructions/cycle,derived from hardware counters,0.001 requested,Preserved Intel PCM field,"Drop rows where every numeric candidate is NaN; fill remaining NaN values with the feature's benign mean when available, otherwise the global feature mean; center by the same mean; exclude constant features."
B,DDR5,Core9 (Socket 0).21_PhysIPC%,"Core 9, socket 0",PhysIPC%,Physical core IPC as a percentage of the processor maximum IPC,Intel PCM CSV,%,derived from hardware counters,0.001 requested,Preserved Intel PCM field,"Drop rows where every numeric candidate is NaN; fill remaining NaN values with the feature's benign mean when available, otherwise the global feature mean; center by the same mean; exclude constant features."
B,DDR5,Core9 (Socket 0).22_INSTnom,"Core 9, socket 0",INSTnom,Total instruction execution rate normalized to nominal cycles,Intel PCM CSV,instructions/nominal cycle,derived from hardware counters,0.001 requested,Preserved Intel PCM field,"Drop rows where every numeric candidate is NaN; fill remaining NaN values with the feature's benign mean when available, otherwise the global feature mean; center by the same mean; exclude constant features."
B,DDR5,Core9 (Socket 0).23_INSTnom%,"Core 9, socket 0",INSTnom%,Normalized instruction execution rate as a percentage of the processor maximum IPC,Intel PCM CSV,%,derived from hardware counters,0.001 requested,Preserved Intel PCM field,"Drop rows where every numeric candidate is NaN; fill remaining NaN values with the feature's benign mean when available, otherwise the global feature mean; center by the same mean; exclude constant features."
B,DDR5,Core10 (Socket 0)_EXEC,"Core 10, socket 0",EXEC,Instructions retired per nominal CPU cycle,Intel PCM CSV,ratio,derived from hardware counters,0.001 requested,Preserved Intel PCM field,"Drop rows where every numeric candidate is NaN; fill remaining NaN values with the feature's benign mean when available, otherwise the global feature mean; center by the same mean; exclude constant features."
B,DDR5,Core10 (Socket 0).1_IPC,"Core 10, socket 0",IPC,Instructions retired per unhalted CPU cycle,Intel PCM CSV,instructions/cycle,derived from hardware counters,0.001 requested,Preserved Intel PCM field,"Drop rows where every numeric candidate is NaN; fill remaining NaN values with the feature's benign mean when available, otherwise the global feature mean; center by the same mean; exclude constant features."
B,DDR5,Core10 (Socket 0).2_FREQ,"Core 10, socket 0",FREQ,Unhalted clock ticks divided by invariant timer ticks,Intel PCM CSV,ratio to nominal frequency,derived from hardware counters,0.001 requested,Preserved Intel PCM field,"Drop rows where every numeric candidate is NaN; fill remaining NaN values with the feature's benign mean when available, otherwise the global feature mean; center by the same mean; exclude constant features."
B,DDR5,Core10 (Socket 0).3_AFREQ,"Core 10, socket 0",AFREQ,Unhalted clock ticks divided by invariant timer ticks while the core is in C0,Intel PCM CSV,ratio to nominal frequency,derived from hardware counters,0.001 requested,Preserved Intel PCM field,"Drop rows where every numeric candidate is NaN; fill remaining NaN values with the feature's benign mean when available, otherwise the global feature mean; center by the same mean; exclude constant features."
B,DDR5,Core10 (Socket 0).4_CFREQ,"Core 10, socket 0",CFREQ,Average active core frequency,Intel PCM CSV,GHz,derived from hardware counters,0.001 requested,Preserved Intel PCM field,"Drop rows where every numeric candidate is NaN; fill remaining NaN values with the feature's benign mean when available, otherwise the global feature mean; center by the same mean; exclude constant features."
B,DDR5,Core10 (Socket 0).5_L3MISS,"Core 10, socket 0",L3MISS,L3 read cache misses during the reporting interval,Intel PCM CSV,million misses,counter delta scaled by Intel PCM,0.001 requested,Preserved Intel PCM field,"Drop rows where every numeric candidate is NaN; fill remaining NaN values with the feature's benign mean when available, otherwise the global feature mean; center by the same mean; exclude constant features."
B,DDR5,Core10 (Socket 0).6_L2MISS,"Core 10, socket 0",L2MISS,L2 read cache misses during the reporting interval; the PCM definition may include hits in another core's L2,Intel PCM CSV,million misses,counter delta scaled by Intel PCM,0.001 requested,Preserved Intel PCM field,"Drop rows where every numeric candidate is NaN; fill remaining NaN values with the feature's benign mean when available, otherwise the global feature mean; center by the same mean; exclude constant features."
B,DDR5,Core10 (Socket 0).7_L3HIT,"Core 10, socket 0",L3HIT,L3 read cache hit ratio,Intel PCM CSV,fraction,derived from hardware counters,0.001 requested,Preserved Intel PCM field,"Drop rows where every numeric candidate is NaN; fill remaining NaN values with the feature's benign mean when available, otherwise the global feature mean; center by the same mean; exclude constant features."
B,DDR5,Core10 (Socket 0).8_L2HIT,"Core 10, socket 0",L2HIT,L2 read cache hit ratio,Intel PCM CSV,fraction,derived from hardware counters,0.001 requested,Preserved Intel PCM field,"Drop rows where every numeric candidate is NaN; fill remaining NaN values with the feature's benign mean when available, otherwise the global feature mean; center by the same mean; exclude constant features."
B,DDR5,Core10 (Socket 0).9_L3MPI,"Core 10, socket 0",L3MPI,L3 read cache misses per retired instruction,Intel PCM CSV,misses/instruction,derived from hardware counters,0.001 requested,Preserved Intel PCM field,"Drop rows where every numeric candidate is NaN; fill remaining NaN values with the feature's benign mean when available, otherwise the global feature mean; center by the same mean; exclude constant features."
B,DDR5,Core10 (Socket 0).10_L2MPI,"Core 10, socket 0",L2MPI,L2 read cache misses per retired instruction,Intel PCM CSV,misses/instruction,derived from hardware counters,0.001 requested,Preserved Intel PCM field,"Drop rows where every numeric candidate is NaN; fill remaining NaN values with the feature's benign mean when available, otherwise the global feature mean; center by the same mean; exclude constant features."
B,DDR5,Core10 (Socket 0).11_C0res%,"Core 10, socket 0",C0res%,Residency in processor power state C0 during the reporting interval,Intel PCM CSV,%,derived from hardware counters,0.001 requested,Preserved Intel PCM field,"Drop rows where every numeric candidate is NaN; fill remaining NaN values with the feature's benign mean when available, otherwise the global feature mean; center by the same mean; exclude constant features."
B,DDR5,Core10 (Socket 0).12_C1res%,"Core 10, socket 0",C1res%,Residency in processor power state C1 during the reporting interval,Intel PCM CSV,%,derived from hardware counters,0.001 requested,Preserved Intel PCM field,"Drop rows where every numeric candidate is NaN; fill remaining NaN values with the feature's benign mean when available, otherwise the global feature mean; center by the same mean; exclude constant features."
B,DDR5,Core10 (Socket 0).13_C3res%,"Core 10, socket 0",C3res%,Residency in processor power state C3 during the reporting interval,Intel PCM CSV,%,derived from hardware counters,0.001 requested,Preserved Intel PCM field,"Drop rows where every numeric candidate is NaN; fill remaining NaN values with the feature's benign mean when available, otherwise the global feature mean; center by the same mean; exclude constant features."
B,DDR5,Core10 (Socket 0).14_C6res%,"Core 10, socket 0",C6res%,Residency in processor power state C6 during the reporting interval,Intel PCM CSV,%,derived from hardware counters,0.001 requested,Preserved Intel PCM field,"Drop rows where every numeric candidate is NaN; fill remaining NaN values with the feature's benign mean when available, otherwise the global feature mean; center by the same mean; exclude constant features."
B,DDR5,Core10 (Socket 0).15_C7res%,"Core 10, socket 0",C7res%,Residency in processor power state C7 during the reporting interval,Intel PCM CSV,%,derived from hardware counters,0.001 requested,Preserved Intel PCM field,"Drop rows where every numeric candidate is NaN; fill remaining NaN values with the feature's benign mean when available, otherwise the global feature mean; center by the same mean; exclude constant features."
B,DDR5,Core10 (Socket 0).16_TEMP,"Core 10, socket 0",TEMP,Thermal headroom relative to TjMax; zero corresponds to the maximum junction temperature,Intel PCM CSV,degree Celsius below TjMax,processor thermal sensor reported by Intel PCM,0.001 requested,Preserved Intel PCM field,"Drop rows where every numeric candidate is NaN; fill remaining NaN values with the feature's benign mean when available, otherwise the global feature mean; center by the same mean; exclude constant features."
B,DDR5,Core10 (Socket 0).17_INST,"Core 10, socket 0",INST,Retired instructions during the reporting interval,Intel PCM CSV,million instructions,counter delta scaled by Intel PCM,0.001 requested,Preserved Intel PCM field,"Drop rows where every numeric candidate is NaN; fill remaining NaN values with the feature's benign mean when available, otherwise the global feature mean; center by the same mean; exclude constant features."
B,DDR5,Core10 (Socket 0).18_ACYC,"Core 10, socket 0",ACYC,Unhalted core cycles during the reporting interval,Intel PCM CSV,million cycles,counter delta scaled by Intel PCM,0.001 requested,Preserved Intel PCM field,"Drop rows where every numeric candidate is NaN; fill remaining NaN values with the feature's benign mean when available, otherwise the global feature mean; center by the same mean; exclude constant features."
B,DDR5,Core10 (Socket 0).19_TIME(ticks),"Core 10, socket 0",TIME(ticks),Invariant timestamp counter ticks during the reporting interval,Intel PCM CSV,million ticks,counter delta scaled by Intel PCM,0.001 requested,Preserved Intel PCM field,"Drop rows where every numeric candidate is NaN; fill remaining NaN values with the feature's benign mean when available, otherwise the global feature mean; center by the same mean; exclude constant features."
B,DDR5,Core10 (Socket 0).20_PhysIPC,"Core 10, socket 0",PhysIPC,Instructions retired per physical core cycle,Intel PCM CSV,instructions/cycle,derived from hardware counters,0.001 requested,Preserved Intel PCM field,"Drop rows where every numeric candidate is NaN; fill remaining NaN values with the feature's benign mean when available, otherwise the global feature mean; center by the same mean; exclude constant features."
B,DDR5,Core10 (Socket 0).21_PhysIPC%,"Core 10, socket 0",PhysIPC%,Physical core IPC as a percentage of the processor maximum IPC,Intel PCM CSV,%,derived from hardware counters,0.001 requested,Preserved Intel PCM field,"Drop rows where every numeric candidate is NaN; fill remaining NaN values with the feature's benign mean when available, otherwise the global feature mean; center by the same mean; exclude constant features."
B,DDR5,Core10 (Socket 0).22_INSTnom,"Core 10, socket 0",INSTnom,Total instruction execution rate normalized to nominal cycles,Intel PCM CSV,instructions/nominal cycle,derived from hardware counters,0.001 requested,Preserved Intel PCM field,"Drop rows where every numeric candidate is NaN; fill remaining NaN values with the feature's benign mean when available, otherwise the global feature mean; center by the same mean; exclude constant features."
B,DDR5,Core10 (Socket 0).23_INSTnom%,"Core 10, socket 0",INSTnom%,Normalized instruction execution rate as a percentage of the processor maximum IPC,Intel PCM CSV,%,derived from hardware counters,0.001 requested,Preserved Intel PCM field,"Drop rows where every numeric candidate is NaN; fill remaining NaN values with the feature's benign mean when available, otherwise the global feature mean; center by the same mean; exclude constant features."
B,DDR5,Core11 (Socket 0)_EXEC,"Core 11, socket 0",EXEC,Instructions retired per nominal CPU cycle,Intel PCM CSV,ratio,derived from hardware counters,0.001 requested,Preserved Intel PCM field,"Drop rows where every numeric candidate is NaN; fill remaining NaN values with the feature's benign mean when available, otherwise the global feature mean; center by the same mean; exclude constant features."
B,DDR5,Core11 (Socket 0).1_IPC,"Core 11, socket 0",IPC,Instructions retired per unhalted CPU cycle,Intel PCM CSV,instructions/cycle,derived from hardware counters,0.001 requested,Preserved Intel PCM field,"Drop rows where every numeric candidate is NaN; fill remaining NaN values with the feature's benign mean when available, otherwise the global feature mean; center by the same mean; exclude constant features."
B,DDR5,Core11 (Socket 0).2_FREQ,"Core 11, socket 0",FREQ,Unhalted clock ticks divided by invariant timer ticks,Intel PCM CSV,ratio to nominal frequency,derived from hardware counters,0.001 requested,Preserved Intel PCM field,"Drop rows where every numeric candidate is NaN; fill remaining NaN values with the feature's benign mean when available, otherwise the global feature mean; center by the same mean; exclude constant features."
B,DDR5,Core11 (Socket 0).3_AFREQ,"Core 11, socket 0",AFREQ,Unhalted clock ticks divided by invariant timer ticks while the core is in C0,Intel PCM CSV,ratio to nominal frequency,derived from hardware counters,0.001 requested,Preserved Intel PCM field,"Drop rows where every numeric candidate is NaN; fill remaining NaN values with the feature's benign mean when available, otherwise the global feature mean; center by the same mean; exclude constant features."
B,DDR5,Core11 (Socket 0).4_CFREQ,"Core 11, socket 0",CFREQ,Average active core frequency,Intel PCM CSV,GHz,derived from hardware counters,0.001 requested,Preserved Intel PCM field,"Drop rows where every numeric candidate is NaN; fill remaining NaN values with the feature's benign mean when available, otherwise the global feature mean; center by the same mean; exclude constant features."
B,DDR5,Core11 (Socket 0).5_L3MISS,"Core 11, socket 0",L3MISS,L3 read cache misses during the reporting interval,Intel PCM CSV,million misses,counter delta scaled by Intel PCM,0.001 requested,Preserved Intel PCM field,"Drop rows where every numeric candidate is NaN; fill remaining NaN values with the feature's benign mean when available, otherwise the global feature mean; center by the same mean; exclude constant features."
B,DDR5,Core11 (Socket 0).6_L2MISS,"Core 11, socket 0",L2MISS,L2 read cache misses during the reporting interval; the PCM definition may include hits in another core's L2,Intel PCM CSV,million misses,counter delta scaled by Intel PCM,0.001 requested,Preserved Intel PCM field,"Drop rows where every numeric candidate is NaN; fill remaining NaN values with the feature's benign mean when available, otherwise the global feature mean; center by the same mean; exclude constant features."
B,DDR5,Core11 (Socket 0).7_L3HIT,"Core 11, socket 0",L3HIT,L3 read cache hit ratio,Intel PCM CSV,fraction,derived from hardware counters,0.001 requested,Preserved Intel PCM field,"Drop rows where every numeric candidate is NaN; fill remaining NaN values with the feature's benign mean when available, otherwise the global feature mean; center by the same mean; exclude constant features."
B,DDR5,Core11 (Socket 0).8_L2HIT,"Core 11, socket 0",L2HIT,L2 read cache hit ratio,Intel PCM CSV,fraction,derived from hardware counters,0.001 requested,Preserved Intel PCM field,"Drop rows where every numeric candidate is NaN; fill remaining NaN values with the feature's benign mean when available, otherwise the global feature mean; center by the same mean; exclude constant features."
B,DDR5,Core11 (Socket 0).9_L3MPI,"Core 11, socket 0",L3MPI,L3 read cache misses per retired instruction,Intel PCM CSV,misses/instruction,derived from hardware counters,0.001 requested,Preserved Intel PCM field,"Drop rows where every numeric candidate is NaN; fill remaining NaN values with the feature's benign mean when available, otherwise the global feature mean; center by the same mean; exclude constant features."
B,DDR5,Core11 (Socket 0).10_L2MPI,"Core 11, socket 0",L2MPI,L2 read cache misses per retired instruction,Intel PCM CSV,misses/instruction,derived from hardware counters,0.001 requested,Preserved Intel PCM field,"Drop rows where every numeric candidate is NaN; fill remaining NaN values with the feature's benign mean when available, otherwise the global feature mean; center by the same mean; exclude constant features."
B,DDR5,Core11 (Socket 0).11_C0res%,"Core 11, socket 0",C0res%,Residency in processor power state C0 during the reporting interval,Intel PCM CSV,%,derived from hardware counters,0.001 requested,Preserved Intel PCM field,"Drop rows where every numeric candidate is NaN; fill remaining NaN values with the feature's benign mean when available, otherwise the global feature mean; center by the same mean; exclude constant features."
B,DDR5,Core11 (Socket 0).12_C1res%,"Core 11, socket 0",C1res%,Residency in processor power state C1 during the reporting interval,Intel PCM CSV,%,derived from hardware counters,0.001 requested,Preserved Intel PCM field,"Drop rows where every numeric candidate is NaN; fill remaining NaN values with the feature's benign mean when available, otherwise the global feature mean; center by the same mean; exclude constant features."
B,DDR5,Core11 (Socket 0).13_C3res%,"Core 11, socket 0",C3res%,Residency in processor power state C3 during the reporting interval,Intel PCM CSV,%,derived from hardware counters,0.001 requested,Preserved Intel PCM field,"Drop rows where every numeric candidate is NaN; fill remaining NaN values with the feature's benign mean when available, otherwise the global feature mean; center by the same mean; exclude constant features."
B,DDR5,Core11 (Socket 0).14_C6res%,"Core 11, socket 0",C6res%,Residency in processor power state C6 during the reporting interval,Intel PCM CSV,%,derived from hardware counters,0.001 requested,Preserved Intel PCM field,"Drop rows where every numeric candidate is NaN; fill remaining NaN values with the feature's benign mean when available, otherwise the global feature mean; center by the same mean; exclude constant features."
B,DDR5,Core11 (Socket 0).15_C7res%,"Core 11, socket 0",C7res%,Residency in processor power state C7 during the reporting interval,Intel PCM CSV,%,derived from hardware counters,0.001 requested,Preserved Intel PCM field,"Drop rows where every numeric candidate is NaN; fill remaining NaN values with the feature's benign mean when available, otherwise the global feature mean; center by the same mean; exclude constant features."
B,DDR5,Core11 (Socket 0).16_TEMP,"Core 11, socket 0",TEMP,Thermal headroom relative to TjMax; zero corresponds to the maximum junction temperature,Intel PCM CSV,degree Celsius below TjMax,processor thermal sensor reported by Intel PCM,0.001 requested,Preserved Intel PCM field,"Drop rows where every numeric candidate is NaN; fill remaining NaN values with the feature's benign mean when available, otherwise the global feature mean; center by the same mean; exclude constant features."
B,DDR5,Core11 (Socket 0).17_INST,"Core 11, socket 0",INST,Retired instructions during the reporting interval,Intel PCM CSV,million instructions,counter delta scaled by Intel PCM,0.001 requested,Preserved Intel PCM field,"Drop rows where every numeric candidate is NaN; fill remaining NaN values with the feature's benign mean when available, otherwise the global feature mean; center by the same mean; exclude constant features."
B,DDR5,Core11 (Socket 0).18_ACYC,"Core 11, socket 0",ACYC,Unhalted core cycles during the reporting interval,Intel PCM CSV,million cycles,counter delta scaled by Intel PCM,0.001 requested,Preserved Intel PCM field,"Drop rows where every numeric candidate is NaN; fill remaining NaN values with the feature's benign mean when available, otherwise the global feature mean; center by the same mean; exclude constant features."
B,DDR5,Core11 (Socket 0).19_TIME(ticks),"Core 11, socket 0",TIME(ticks),Invariant timestamp counter ticks during the reporting interval,Intel PCM CSV,million ticks,counter delta scaled by Intel PCM,0.001 requested,Preserved Intel PCM field,"Drop rows where every numeric candidate is NaN; fill remaining NaN values with the feature's benign mean when available, otherwise the global feature mean; center by the same mean; exclude constant features."
B,DDR5,Core11 (Socket 0).20_PhysIPC,"Core 11, socket 0",PhysIPC,Instructions retired per physical core cycle,Intel PCM CSV,instructions/cycle,derived from hardware counters,0.001 requested,Preserved Intel PCM field,"Drop rows where every numeric candidate is NaN; fill remaining NaN values with the feature's benign mean when available, otherwise the global feature mean; center by the same mean; exclude constant features."
B,DDR5,Core11 (Socket 0).21_PhysIPC%,"Core 11, socket 0",PhysIPC%,Physical core IPC as a percentage of the processor maximum IPC,Intel PCM CSV,%,derived from hardware counters,0.001 requested,Preserved Intel PCM field,"Drop rows where every numeric candidate is NaN; fill remaining NaN values with the feature's benign mean when available, otherwise the global feature mean; center by the same mean; exclude constant features."
B,DDR5,Core11 (Socket 0).22_INSTnom,"Core 11, socket 0",INSTnom,Total instruction execution rate normalized to nominal cycles,Intel PCM CSV,instructions/nominal cycle,derived from hardware counters,0.001 requested,Preserved Intel PCM field,"Drop rows where every numeric candidate is NaN; fill remaining NaN values with the feature's benign mean when available, otherwise the global feature mean; center by the same mean; exclude constant features."
B,DDR5,Core11 (Socket 0).23_INSTnom%,"Core 11, socket 0",INSTnom%,Normalized instruction execution rate as a percentage of the processor maximum IPC,Intel PCM CSV,%,derived from hardware counters,0.001 requested,Preserved Intel PCM field,"Drop rows where every numeric candidate is NaN; fill remaining NaN values with the feature's benign mean when available, otherwise the global feature mean; center by the same mean; exclude constant features."
B,DDR5,Core12 (Socket 0)_EXEC,"Core 12, socket 0",EXEC,Instructions retired per nominal CPU cycle,Intel PCM CSV,ratio,derived from hardware counters,0.001 requested,Preserved Intel PCM field,"Drop rows where every numeric candidate is NaN; fill remaining NaN values with the feature's benign mean when available, otherwise the global feature mean; center by the same mean; exclude constant features."
B,DDR5,Core12 (Socket 0).1_IPC,"Core 12, socket 0",IPC,Instructions retired per unhalted CPU cycle,Intel PCM CSV,instructions/cycle,derived from hardware counters,0.001 requested,Preserved Intel PCM field,"Drop rows where every numeric candidate is NaN; fill remaining NaN values with the feature's benign mean when available, otherwise the global feature mean; center by the same mean; exclude constant features."
B,DDR5,Core12 (Socket 0).2_FREQ,"Core 12, socket 0",FREQ,Unhalted clock ticks divided by invariant timer ticks,Intel PCM CSV,ratio to nominal frequency,derived from hardware counters,0.001 requested,Preserved Intel PCM field,"Drop rows where every numeric candidate is NaN; fill remaining NaN values with the feature's benign mean when available, otherwise the global feature mean; center by the same mean; exclude constant features."
B,DDR5,Core12 (Socket 0).3_AFREQ,"Core 12, socket 0",AFREQ,Unhalted clock ticks divided by invariant timer ticks while the core is in C0,Intel PCM CSV,ratio to nominal frequency,derived from hardware counters,0.001 requested,Preserved Intel PCM field,"Drop rows where every numeric candidate is NaN; fill remaining NaN values with the feature's benign mean when available, otherwise the global feature mean; center by the same mean; exclude constant features."
B,DDR5,Core12 (Socket 0).4_CFREQ,"Core 12, socket 0",CFREQ,Average active core frequency,Intel PCM CSV,GHz,derived from hardware counters,0.001 requested,Preserved Intel PCM field,"Drop rows where every numeric candidate is NaN; fill remaining NaN values with the feature's benign mean when available, otherwise the global feature mean; center by the same mean; exclude constant features."
B,DDR5,Core12 (Socket 0).5_L3MISS,"Core 12, socket 0",L3MISS,L3 read cache misses during the reporting interval,Intel PCM CSV,million misses,counter delta scaled by Intel PCM,0.001 requested,Preserved Intel PCM field,"Drop rows where every numeric candidate is NaN; fill remaining NaN values with the feature's benign mean when available, otherwise the global feature mean; center by the same mean; exclude constant features."
B,DDR5,Core12 (Socket 0).6_L2MISS,"Core 12, socket 0",L2MISS,L2 read cache misses during the reporting interval; the PCM definition may include hits in another core's L2,Intel PCM CSV,million misses,counter delta scaled by Intel PCM,0.001 requested,Preserved Intel PCM field,"Drop rows where every numeric candidate is NaN; fill remaining NaN values with the feature's benign mean when available, otherwise the global feature mean; center by the same mean; exclude constant features."
B,DDR5,Core12 (Socket 0).7_L3HIT,"Core 12, socket 0",L3HIT,L3 read cache hit ratio,Intel PCM CSV,fraction,derived from hardware counters,0.001 requested,Preserved Intel PCM field,"Drop rows where every numeric candidate is NaN; fill remaining NaN values with the feature's benign mean when available, otherwise the global feature mean; center by the same mean; exclude constant features."
B,DDR5,Core12 (Socket 0).8_L2HIT,"Core 12, socket 0",L2HIT,L2 read cache hit ratio,Intel PCM CSV,fraction,derived from hardware counters,0.001 requested,Preserved Intel PCM field,"Drop rows where every numeric candidate is NaN; fill remaining NaN values with the feature's benign mean when available, otherwise the global feature mean; center by the same mean; exclude constant features."
B,DDR5,Core12 (Socket 0).9_L3MPI,"Core 12, socket 0",L3MPI,L3 read cache misses per retired instruction,Intel PCM CSV,misses/instruction,derived from hardware counters,0.001 requested,Preserved Intel PCM field,"Drop rows where every numeric candidate is NaN; fill remaining NaN values with the feature's benign mean when available, otherwise the global feature mean; center by the same mean; exclude constant features."
B,DDR5,Core12 (Socket 0).10_L2MPI,"Core 12, socket 0",L2MPI,L2 read cache misses per retired instruction,Intel PCM CSV,misses/instruction,derived from hardware counters,0.001 requested,Preserved Intel PCM field,"Drop rows where every numeric candidate is NaN; fill remaining NaN values with the feature's benign mean when available, otherwise the global feature mean; center by the same mean; exclude constant features."
B,DDR5,Core12 (Socket 0).11_C0res%,"Core 12, socket 0",C0res%,Residency in processor power state C0 during the reporting interval,Intel PCM CSV,%,derived from hardware counters,0.001 requested,Preserved Intel PCM field,"Drop rows where every numeric candidate is NaN; fill remaining NaN values with the feature's benign mean when available, otherwise the global feature mean; center by the same mean; exclude constant features."
B,DDR5,Core12 (Socket 0).12_C1res%,"Core 12, socket 0",C1res%,Residency in processor power state C1 during the reporting interval,Intel PCM CSV,%,derived from hardware counters,0.001 requested,Preserved Intel PCM field,"Drop rows where every numeric candidate is NaN; fill remaining NaN values with the feature's benign mean when available, otherwise the global feature mean; center by the same mean; exclude constant features."
B,DDR5,Core12 (Socket 0).13_C3res%,"Core 12, socket 0",C3res%,Residency in processor power state C3 during the reporting interval,Intel PCM CSV,%,derived from hardware counters,0.001 requested,Preserved Intel PCM field,"Drop rows where every numeric candidate is NaN; fill remaining NaN values with the feature's benign mean when available, otherwise the global feature mean; center by the same mean; exclude constant features."
B,DDR5,Core12 (Socket 0).14_C6res%,"Core 12, socket 0",C6res%,Residency in processor power state C6 during the reporting interval,Intel PCM CSV,%,derived from hardware counters,0.001 requested,Preserved Intel PCM field,"Drop rows where every numeric candidate is NaN; fill remaining NaN values with the feature's benign mean when available, otherwise the global feature mean; center by the same mean; exclude constant features."
B,DDR5,Core12 (Socket 0).15_C7res%,"Core 12, socket 0",C7res%,Residency in processor power state C7 during the reporting interval,Intel PCM CSV,%,derived from hardware counters,0.001 requested,Preserved Intel PCM field,"Drop rows where every numeric candidate is NaN; fill remaining NaN values with the feature's benign mean when available, otherwise the global feature mean; center by the same mean; exclude constant features."
B,DDR5,Core12 (Socket 0).16_TEMP,"Core 12, socket 0",TEMP,Thermal headroom relative to TjMax; zero corresponds to the maximum junction temperature,Intel PCM CSV,degree Celsius below TjMax,processor thermal sensor reported by Intel PCM,0.001 requested,Preserved Intel PCM field,"Drop rows where every numeric candidate is NaN; fill remaining NaN values with the feature's benign mean when available, otherwise the global feature mean; center by the same mean; exclude constant features."
B,DDR5,Core12 (Socket 0).17_INST,"Core 12, socket 0",INST,Retired instructions during the reporting interval,Intel PCM CSV,million instructions,counter delta scaled by Intel PCM,0.001 requested,Preserved Intel PCM field,"Drop rows where every numeric candidate is NaN; fill remaining NaN values with the feature's benign mean when available, otherwise the global feature mean; center by the same mean; exclude constant features."
B,DDR5,Core12 (Socket 0).18_ACYC,"Core 12, socket 0",ACYC,Unhalted core cycles during the reporting interval,Intel PCM CSV,million cycles,counter delta scaled by Intel PCM,0.001 requested,Preserved Intel PCM field,"Drop rows where every numeric candidate is NaN; fill remaining NaN values with the feature's benign mean when available, otherwise the global feature mean; center by the same mean; exclude constant features."
B,DDR5,Core12 (Socket 0).19_TIME(ticks),"Core 12, socket 0",TIME(ticks),Invariant timestamp counter ticks during the reporting interval,Intel PCM CSV,million ticks,counter delta scaled by Intel PCM,0.001 requested,Preserved Intel PCM field,"Drop rows where every numeric candidate is NaN; fill remaining NaN values with the feature's benign mean when available, otherwise the global feature mean; center by the same mean; exclude constant features."
B,DDR5,Core12 (Socket 0).20_PhysIPC,"Core 12, socket 0",PhysIPC,Instructions retired per physical core cycle,Intel PCM CSV,instructions/cycle,derived from hardware counters,0.001 requested,Preserved Intel PCM field,"Drop rows where every numeric candidate is NaN; fill remaining NaN values with the feature's benign mean when available, otherwise the global feature mean; center by the same mean; exclude constant features."
B,DDR5,Core12 (Socket 0).21_PhysIPC%,"Core 12, socket 0",PhysIPC%,Physical core IPC as a percentage of the processor maximum IPC,Intel PCM CSV,%,derived from hardware counters,0.001 requested,Preserved Intel PCM field,"Drop rows where every numeric candidate is NaN; fill remaining NaN values with the feature's benign mean when available, otherwise the global feature mean; center by the same mean; exclude constant features."
B,DDR5,Core12 (Socket 0).22_INSTnom,"Core 12, socket 0",INSTnom,Total instruction execution rate normalized to nominal cycles,Intel PCM CSV,instructions/nominal cycle,derived from hardware counters,0.001 requested,Preserved Intel PCM field,"Drop rows where every numeric candidate is NaN; fill remaining NaN values with the feature's benign mean when available, otherwise the global feature mean; center by the same mean; exclude constant features."
B,DDR5,Core12 (Socket 0).23_INSTnom%,"Core 12, socket 0",INSTnom%,Normalized instruction execution rate as a percentage of the processor maximum IPC,Intel PCM CSV,%,derived from hardware counters,0.001 requested,Preserved Intel PCM field,"Drop rows where every numeric candidate is NaN; fill remaining NaN values with the feature's benign mean when available, otherwise the global feature mean; center by the same mean; exclude constant features."
B,DDR5,Core13 (Socket 0)_EXEC,"Core 13, socket 0",EXEC,Instructions retired per nominal CPU cycle,Intel PCM CSV,ratio,derived from hardware counters,0.001 requested,Preserved Intel PCM field,"Drop rows where every numeric candidate is NaN; fill remaining NaN values with the feature's benign mean when available, otherwise the global feature mean; center by the same mean; exclude constant features."
B,DDR5,Core13 (Socket 0).1_IPC,"Core 13, socket 0",IPC,Instructions retired per unhalted CPU cycle,Intel PCM CSV,instructions/cycle,derived from hardware counters,0.001 requested,Preserved Intel PCM field,"Drop rows where every numeric candidate is NaN; fill remaining NaN values with the feature's benign mean when available, otherwise the global feature mean; center by the same mean; exclude constant features."
B,DDR5,Core13 (Socket 0).2_FREQ,"Core 13, socket 0",FREQ,Unhalted clock ticks divided by invariant timer ticks,Intel PCM CSV,ratio to nominal frequency,derived from hardware counters,0.001 requested,Preserved Intel PCM field,"Drop rows where every numeric candidate is NaN; fill remaining NaN values with the feature's benign mean when available, otherwise the global feature mean; center by the same mean; exclude constant features."
B,DDR5,Core13 (Socket 0).3_AFREQ,"Core 13, socket 0",AFREQ,Unhalted clock ticks divided by invariant timer ticks while the core is in C0,Intel PCM CSV,ratio to nominal frequency,derived from hardware counters,0.001 requested,Preserved Intel PCM field,"Drop rows where every numeric candidate is NaN; fill remaining NaN values with the feature's benign mean when available, otherwise the global feature mean; center by the same mean; exclude constant features."
B,DDR5,Core13 (Socket 0).4_CFREQ,"Core 13, socket 0",CFREQ,Average active core frequency,Intel PCM CSV,GHz,derived from hardware counters,0.001 requested,Preserved Intel PCM field,"Drop rows where every numeric candidate is NaN; fill remaining NaN values with the feature's benign mean when available, otherwise the global feature mean; center by the same mean; exclude constant features."
B,DDR5,Core13 (Socket 0).5_L3MISS,"Core 13, socket 0",L3MISS,L3 read cache misses during the reporting interval,Intel PCM CSV,million misses,counter delta scaled by Intel PCM,0.001 requested,Preserved Intel PCM field,"Drop rows where every numeric candidate is NaN; fill remaining NaN values with the feature's benign mean when available, otherwise the global feature mean; center by the same mean; exclude constant features."
B,DDR5,Core13 (Socket 0).6_L2MISS,"Core 13, socket 0",L2MISS,L2 read cache misses during the reporting interval; the PCM definition may include hits in another core's L2,Intel PCM CSV,million misses,counter delta scaled by Intel PCM,0.001 requested,Preserved Intel PCM field,"Drop rows where every numeric candidate is NaN; fill remaining NaN values with the feature's benign mean when available, otherwise the global feature mean; center by the same mean; exclude constant features."
B,DDR5,Core13 (Socket 0).7_L3HIT,"Core 13, socket 0",L3HIT,L3 read cache hit ratio,Intel PCM CSV,fraction,derived from hardware counters,0.001 requested,Preserved Intel PCM field,"Drop rows where every numeric candidate is NaN; fill remaining NaN values with the feature's benign mean when available, otherwise the global feature mean; center by the same mean; exclude constant features."
B,DDR5,Core13 (Socket 0).8_L2HIT,"Core 13, socket 0",L2HIT,L2 read cache hit ratio,Intel PCM CSV,fraction,derived from hardware counters,0.001 requested,Preserved Intel PCM field,"Drop rows where every numeric candidate is NaN; fill remaining NaN values with the feature's benign mean when available, otherwise the global feature mean; center by the same mean; exclude constant features."
B,DDR5,Core13 (Socket 0).9_L3MPI,"Core 13, socket 0",L3MPI,L3 read cache misses per retired instruction,Intel PCM CSV,misses/instruction,derived from hardware counters,0.001 requested,Preserved Intel PCM field,"Drop rows where every numeric candidate is NaN; fill remaining NaN values with the feature's benign mean when available, otherwise the global feature mean; center by the same mean; exclude constant features."
B,DDR5,Core13 (Socket 0).10_L2MPI,"Core 13, socket 0",L2MPI,L2 read cache misses per retired instruction,Intel PCM CSV,misses/instruction,derived from hardware counters,0.001 requested,Preserved Intel PCM field,"Drop rows where every numeric candidate is NaN; fill remaining NaN values with the feature's benign mean when available, otherwise the global feature mean; center by the same mean; exclude constant features."
B,DDR5,Core13 (Socket 0).11_C0res%,"Core 13, socket 0",C0res%,Residency in processor power state C0 during the reporting interval,Intel PCM CSV,%,derived from hardware counters,0.001 requested,Preserved Intel PCM field,"Drop rows where every numeric candidate is NaN; fill remaining NaN values with the feature's benign mean when available, otherwise the global feature mean; center by the same mean; exclude constant features."
B,DDR5,Core13 (Socket 0).12_C1res%,"Core 13, socket 0",C1res%,Residency in processor power state C1 during the reporting interval,Intel PCM CSV,%,derived from hardware counters,0.001 requested,Preserved Intel PCM field,"Drop rows where every numeric candidate is NaN; fill remaining NaN values with the feature's benign mean when available, otherwise the global feature mean; center by the same mean; exclude constant features."
B,DDR5,Core13 (Socket 0).13_C3res%,"Core 13, socket 0",C3res%,Residency in processor power state C3 during the reporting interval,Intel PCM CSV,%,derived from hardware counters,0.001 requested,Preserved Intel PCM field,"Drop rows where every numeric candidate is NaN; fill remaining NaN values with the feature's benign mean when available, otherwise the global feature mean; center by the same mean; exclude constant features."
B,DDR5,Core13 (Socket 0).14_C6res%,"Core 13, socket 0",C6res%,Residency in processor power state C6 during the reporting interval,Intel PCM CSV,%,derived from hardware counters,0.001 requested,Preserved Intel PCM field,"Drop rows where every numeric candidate is NaN; fill remaining NaN values with the feature's benign mean when available, otherwise the global feature mean; center by the same mean; exclude constant features."
B,DDR5,Core13 (Socket 0).15_C7res%,"Core 13, socket 0",C7res%,Residency in processor power state C7 during the reporting interval,Intel PCM CSV,%,derived from hardware counters,0.001 requested,Preserved Intel PCM field,"Drop rows where every numeric candidate is NaN; fill remaining NaN values with the feature's benign mean when available, otherwise the global feature mean; center by the same mean; exclude constant features."
B,DDR5,Core13 (Socket 0).16_TEMP,"Core 13, socket 0",TEMP,Thermal headroom relative to TjMax; zero corresponds to the maximum junction temperature,Intel PCM CSV,degree Celsius below TjMax,processor thermal sensor reported by Intel PCM,0.001 requested,Preserved Intel PCM field,"Drop rows where every numeric candidate is NaN; fill remaining NaN values with the feature's benign mean when available, otherwise the global feature mean; center by the same mean; exclude constant features."
B,DDR5,Core13 (Socket 0).17_INST,"Core 13, socket 0",INST,Retired instructions during the reporting interval,Intel PCM CSV,million instructions,counter delta scaled by Intel PCM,0.001 requested,Preserved Intel PCM field,"Drop rows where every numeric candidate is NaN; fill remaining NaN values with the feature's benign mean when available, otherwise the global feature mean; center by the same mean; exclude constant features."
B,DDR5,Core13 (Socket 0).18_ACYC,"Core 13, socket 0",ACYC,Unhalted core cycles during the reporting interval,Intel PCM CSV,million cycles,counter delta scaled by Intel PCM,0.001 requested,Preserved Intel PCM field,"Drop rows where every numeric candidate is NaN; fill remaining NaN values with the feature's benign mean when available, otherwise the global feature mean; center by the same mean; exclude constant features."
B,DDR5,Core13 (Socket 0).19_TIME(ticks),"Core 13, socket 0",TIME(ticks),Invariant timestamp counter ticks during the reporting interval,Intel PCM CSV,million ticks,counter delta scaled by Intel PCM,0.001 requested,Preserved Intel PCM field,"Drop rows where every numeric candidate is NaN; fill remaining NaN values with the feature's benign mean when available, otherwise the global feature mean; center by the same mean; exclude constant features."
B,DDR5,Core13 (Socket 0).20_PhysIPC,"Core 13, socket 0",PhysIPC,Instructions retired per physical core cycle,Intel PCM CSV,instructions/cycle,derived from hardware counters,0.001 requested,Preserved Intel PCM field,"Drop rows where every numeric candidate is NaN; fill remaining NaN values with the feature's benign mean when available, otherwise the global feature mean; center by the same mean; exclude constant features."
B,DDR5,Core13 (Socket 0).21_PhysIPC%,"Core 13, socket 0",PhysIPC%,Physical core IPC as a percentage of the processor maximum IPC,Intel PCM CSV,%,derived from hardware counters,0.001 requested,Preserved Intel PCM field,"Drop rows where every numeric candidate is NaN; fill remaining NaN values with the feature's benign mean when available, otherwise the global feature mean; center by the same mean; exclude constant features."
B,DDR5,Core13 (Socket 0).22_INSTnom,"Core 13, socket 0",INSTnom,Total instruction execution rate normalized to nominal cycles,Intel PCM CSV,instructions/nominal cycle,derived from hardware counters,0.001 requested,Preserved Intel PCM field,"Drop rows where every numeric candidate is NaN; fill remaining NaN values with the feature's benign mean when available, otherwise the global feature mean; center by the same mean; exclude constant features."
B,DDR5,Core13 (Socket 0).23_INSTnom%,"Core 13, socket 0",INSTnom%,Normalized instruction execution rate as a percentage of the processor maximum IPC,Intel PCM CSV,%,derived from hardware counters,0.001 requested,Preserved Intel PCM field,"Drop rows where every numeric candidate is NaN; fill remaining NaN values with the feature's benign mean when available, otherwise the global feature mean; center by the same mean; exclude constant features."
B,DDR5,Core14 (Socket 0)_EXEC,"Core 14, socket 0",EXEC,Instructions retired per nominal CPU cycle,Intel PCM CSV,ratio,derived from hardware counters,0.001 requested,Preserved Intel PCM field,"Drop rows where every numeric candidate is NaN; fill remaining NaN values with the feature's benign mean when available, otherwise the global feature mean; center by the same mean; exclude constant features."
B,DDR5,Core14 (Socket 0).1_IPC,"Core 14, socket 0",IPC,Instructions retired per unhalted CPU cycle,Intel PCM CSV,instructions/cycle,derived from hardware counters,0.001 requested,Preserved Intel PCM field,"Drop rows where every numeric candidate is NaN; fill remaining NaN values with the feature's benign mean when available, otherwise the global feature mean; center by the same mean; exclude constant features."
B,DDR5,Core14 (Socket 0).2_FREQ,"Core 14, socket 0",FREQ,Unhalted clock ticks divided by invariant timer ticks,Intel PCM CSV,ratio to nominal frequency,derived from hardware counters,0.001 requested,Preserved Intel PCM field,"Drop rows where every numeric candidate is NaN; fill remaining NaN values with the feature's benign mean when available, otherwise the global feature mean; center by the same mean; exclude constant features."
B,DDR5,Core14 (Socket 0).3_AFREQ,"Core 14, socket 0",AFREQ,Unhalted clock ticks divided by invariant timer ticks while the core is in C0,Intel PCM CSV,ratio to nominal frequency,derived from hardware counters,0.001 requested,Preserved Intel PCM field,"Drop rows where every numeric candidate is NaN; fill remaining NaN values with the feature's benign mean when available, otherwise the global feature mean; center by the same mean; exclude constant features."
B,DDR5,Core14 (Socket 0).4_CFREQ,"Core 14, socket 0",CFREQ,Average active core frequency,Intel PCM CSV,GHz,derived from hardware counters,0.001 requested,Preserved Intel PCM field,"Drop rows where every numeric candidate is NaN; fill remaining NaN values with the feature's benign mean when available, otherwise the global feature mean; center by the same mean; exclude constant features."
B,DDR5,Core14 (Socket 0).5_L3MISS,"Core 14, socket 0",L3MISS,L3 read cache misses during the reporting interval,Intel PCM CSV,million misses,counter delta scaled by Intel PCM,0.001 requested,Preserved Intel PCM field,"Drop rows where every numeric candidate is NaN; fill remaining NaN values with the feature's benign mean when available, otherwise the global feature mean; center by the same mean; exclude constant features."
B,DDR5,Core14 (Socket 0).6_L2MISS,"Core 14, socket 0",L2MISS,L2 read cache misses during the reporting interval; the PCM definition may include hits in another core's L2,Intel PCM CSV,million misses,counter delta scaled by Intel PCM,0.001 requested,Preserved Intel PCM field,"Drop rows where every numeric candidate is NaN; fill remaining NaN values with the feature's benign mean when available, otherwise the global feature mean; center by the same mean; exclude constant features."
B,DDR5,Core14 (Socket 0).7_L3HIT,"Core 14, socket 0",L3HIT,L3 read cache hit ratio,Intel PCM CSV,fraction,derived from hardware counters,0.001 requested,Preserved Intel PCM field,"Drop rows where every numeric candidate is NaN; fill remaining NaN values with the feature's benign mean when available, otherwise the global feature mean; center by the same mean; exclude constant features."
B,DDR5,Core14 (Socket 0).8_L2HIT,"Core 14, socket 0",L2HIT,L2 read cache hit ratio,Intel PCM CSV,fraction,derived from hardware counters,0.001 requested,Preserved Intel PCM field,"Drop rows where every numeric candidate is NaN; fill remaining NaN values with the feature's benign mean when available, otherwise the global feature mean; center by the same mean; exclude constant features."
B,DDR5,Core14 (Socket 0).9_L3MPI,"Core 14, socket 0",L3MPI,L3 read cache misses per retired instruction,Intel PCM CSV,misses/instruction,derived from hardware counters,0.001 requested,Preserved Intel PCM field,"Drop rows where every numeric candidate is NaN; fill remaining NaN values with the feature's benign mean when available, otherwise the global feature mean; center by the same mean; exclude constant features."
B,DDR5,Core14 (Socket 0).10_L2MPI,"Core 14, socket 0",L2MPI,L2 read cache misses per retired instruction,Intel PCM CSV,misses/instruction,derived from hardware counters,0.001 requested,Preserved Intel PCM field,"Drop rows where every numeric candidate is NaN; fill remaining NaN values with the feature's benign mean when available, otherwise the global feature mean; center by the same mean; exclude constant features."
B,DDR5,Core14 (Socket 0).11_C0res%,"Core 14, socket 0",C0res%,Residency in processor power state C0 during the reporting interval,Intel PCM CSV,%,derived from hardware counters,0.001 requested,Preserved Intel PCM field,"Drop rows where every numeric candidate is NaN; fill remaining NaN values with the feature's benign mean when available, otherwise the global feature mean; center by the same mean; exclude constant features."
B,DDR5,Core14 (Socket 0).12_C1res%,"Core 14, socket 0",C1res%,Residency in processor power state C1 during the reporting interval,Intel PCM CSV,%,derived from hardware counters,0.001 requested,Preserved Intel PCM field,"Drop rows where every numeric candidate is NaN; fill remaining NaN values with the feature's benign mean when available, otherwise the global feature mean; center by the same mean; exclude constant features."
B,DDR5,Core14 (Socket 0).13_C3res%,"Core 14, socket 0",C3res%,Residency in processor power state C3 during the reporting interval,Intel PCM CSV,%,derived from hardware counters,0.001 requested,Preserved Intel PCM field,"Drop rows where every numeric candidate is NaN; fill remaining NaN values with the feature's benign mean when available, otherwise the global feature mean; center by the same mean; exclude constant features."
B,DDR5,Core14 (Socket 0).14_C6res%,"Core 14, socket 0",C6res%,Residency in processor power state C6 during the reporting interval,Intel PCM CSV,%,derived from hardware counters,0.001 requested,Preserved Intel PCM field,"Drop rows where every numeric candidate is NaN; fill remaining NaN values with the feature's benign mean when available, otherwise the global feature mean; center by the same mean; exclude constant features."
B,DDR5,Core14 (Socket 0).15_C7res%,"Core 14, socket 0",C7res%,Residency in processor power state C7 during the reporting interval,Intel PCM CSV,%,derived from hardware counters,0.001 requested,Preserved Intel PCM field,"Drop rows where every numeric candidate is NaN; fill remaining NaN values with the feature's benign mean when available, otherwise the global feature mean; center by the same mean; exclude constant features."
B,DDR5,Core14 (Socket 0).16_TEMP,"Core 14, socket 0",TEMP,Thermal headroom relative to TjMax; zero corresponds to the maximum junction temperature,Intel PCM CSV,degree Celsius below TjMax,processor thermal sensor reported by Intel PCM,0.001 requested,Preserved Intel PCM field,"Drop rows where every numeric candidate is NaN; fill remaining NaN values with the feature's benign mean when available, otherwise the global feature mean; center by the same mean; exclude constant features."
B,DDR5,Core14 (Socket 0).17_INST,"Core 14, socket 0",INST,Retired instructions during the reporting interval,Intel PCM CSV,million instructions,counter delta scaled by Intel PCM,0.001 requested,Preserved Intel PCM field,"Drop rows where every numeric candidate is NaN; fill remaining NaN values with the feature's benign mean when available, otherwise the global feature mean; center by the same mean; exclude constant features."
B,DDR5,Core14 (Socket 0).18_ACYC,"Core 14, socket 0",ACYC,Unhalted core cycles during the reporting interval,Intel PCM CSV,million cycles,counter delta scaled by Intel PCM,0.001 requested,Preserved Intel PCM field,"Drop rows where every numeric candidate is NaN; fill remaining NaN values with the feature's benign mean when available, otherwise the global feature mean; center by the same mean; exclude constant features."
B,DDR5,Core14 (Socket 0).19_TIME(ticks),"Core 14, socket 0",TIME(ticks),Invariant timestamp counter ticks during the reporting interval,Intel PCM CSV,million ticks,counter delta scaled by Intel PCM,0.001 requested,Preserved Intel PCM field,"Drop rows where every numeric candidate is NaN; fill remaining NaN values with the feature's benign mean when available, otherwise the global feature mean; center by the same mean; exclude constant features."
B,DDR5,Core14 (Socket 0).20_PhysIPC,"Core 14, socket 0",PhysIPC,Instructions retired per physical core cycle,Intel PCM CSV,instructions/cycle,derived from hardware counters,0.001 requested,Preserved Intel PCM field,"Drop rows where every numeric candidate is NaN; fill remaining NaN values with the feature's benign mean when available, otherwise the global feature mean; center by the same mean; exclude constant features."
B,DDR5,Core14 (Socket 0).21_PhysIPC%,"Core 14, socket 0",PhysIPC%,Physical core IPC as a percentage of the processor maximum IPC,Intel PCM CSV,%,derived from hardware counters,0.001 requested,Preserved Intel PCM field,"Drop rows where every numeric candidate is NaN; fill remaining NaN values with the feature's benign mean when available, otherwise the global feature mean; center by the same mean; exclude constant features."
B,DDR5,Core14 (Socket 0).22_INSTnom,"Core 14, socket 0",INSTnom,Total instruction execution rate normalized to nominal cycles,Intel PCM CSV,instructions/nominal cycle,derived from hardware counters,0.001 requested,Preserved Intel PCM field,"Drop rows where every numeric candidate is NaN; fill remaining NaN values with the feature's benign mean when available, otherwise the global feature mean; center by the same mean; exclude constant features."
B,DDR5,Core14 (Socket 0).23_INSTnom%,"Core 14, socket 0",INSTnom%,Normalized instruction execution rate as a percentage of the processor maximum IPC,Intel PCM CSV,%,derived from hardware counters,0.001 requested,Preserved Intel PCM field,"Drop rows where every numeric candidate is NaN; fill remaining NaN values with the feature's benign mean when available, otherwise the global feature mean; center by the same mean; exclude constant features."
B,DDR5,Core15 (Socket 0)_EXEC,"Core 15, socket 0",EXEC,Instructions retired per nominal CPU cycle,Intel PCM CSV,ratio,derived from hardware counters,0.001 requested,Preserved Intel PCM field,"Drop rows where every numeric candidate is NaN; fill remaining NaN values with the feature's benign mean when available, otherwise the global feature mean; center by the same mean; exclude constant features."
B,DDR5,Core15 (Socket 0).1_IPC,"Core 15, socket 0",IPC,Instructions retired per unhalted CPU cycle,Intel PCM CSV,instructions/cycle,derived from hardware counters,0.001 requested,Preserved Intel PCM field,"Drop rows where every numeric candidate is NaN; fill remaining NaN values with the feature's benign mean when available, otherwise the global feature mean; center by the same mean; exclude constant features."
B,DDR5,Core15 (Socket 0).2_FREQ,"Core 15, socket 0",FREQ,Unhalted clock ticks divided by invariant timer ticks,Intel PCM CSV,ratio to nominal frequency,derived from hardware counters,0.001 requested,Preserved Intel PCM field,"Drop rows where every numeric candidate is NaN; fill remaining NaN values with the feature's benign mean when available, otherwise the global feature mean; center by the same mean; exclude constant features."
B,DDR5,Core15 (Socket 0).3_AFREQ,"Core 15, socket 0",AFREQ,Unhalted clock ticks divided by invariant timer ticks while the core is in C0,Intel PCM CSV,ratio to nominal frequency,derived from hardware counters,0.001 requested,Preserved Intel PCM field,"Drop rows where every numeric candidate is NaN; fill remaining NaN values with the feature's benign mean when available, otherwise the global feature mean; center by the same mean; exclude constant features."
B,DDR5,Core15 (Socket 0).4_CFREQ,"Core 15, socket 0",CFREQ,Average active core frequency,Intel PCM CSV,GHz,derived from hardware counters,0.001 requested,Preserved Intel PCM field,"Drop rows where every numeric candidate is NaN; fill remaining NaN values with the feature's benign mean when available, otherwise the global feature mean; center by the same mean; exclude constant features."
B,DDR5,Core15 (Socket 0).5_L3MISS,"Core 15, socket 0",L3MISS,L3 read cache misses during the reporting interval,Intel PCM CSV,million misses,counter delta scaled by Intel PCM,0.001 requested,Preserved Intel PCM field,"Drop rows where every numeric candidate is NaN; fill remaining NaN values with the feature's benign mean when available, otherwise the global feature mean; center by the same mean; exclude constant features."
B,DDR5,Core15 (Socket 0).6_L2MISS,"Core 15, socket 0",L2MISS,L2 read cache misses during the reporting interval; the PCM definition may include hits in another core's L2,Intel PCM CSV,million misses,counter delta scaled by Intel PCM,0.001 requested,Preserved Intel PCM field,"Drop rows where every numeric candidate is NaN; fill remaining NaN values with the feature's benign mean when available, otherwise the global feature mean; center by the same mean; exclude constant features."
B,DDR5,Core15 (Socket 0).7_L3HIT,"Core 15, socket 0",L3HIT,L3 read cache hit ratio,Intel PCM CSV,fraction,derived from hardware counters,0.001 requested,Preserved Intel PCM field,"Drop rows where every numeric candidate is NaN; fill remaining NaN values with the feature's benign mean when available, otherwise the global feature mean; center by the same mean; exclude constant features."
B,DDR5,Core15 (Socket 0).8_L2HIT,"Core 15, socket 0",L2HIT,L2 read cache hit ratio,Intel PCM CSV,fraction,derived from hardware counters,0.001 requested,Preserved Intel PCM field,"Drop rows where every numeric candidate is NaN; fill remaining NaN values with the feature's benign mean when available, otherwise the global feature mean; center by the same mean; exclude constant features."
B,DDR5,Core15 (Socket 0).9_L3MPI,"Core 15, socket 0",L3MPI,L3 read cache misses per retired instruction,Intel PCM CSV,misses/instruction,derived from hardware counters,0.001 requested,Preserved Intel PCM field,"Drop rows where every numeric candidate is NaN; fill remaining NaN values with the feature's benign mean when available, otherwise the global feature mean; center by the same mean; exclude constant features."
B,DDR5,Core15 (Socket 0).10_L2MPI,"Core 15, socket 0",L2MPI,L2 read cache misses per retired instruction,Intel PCM CSV,misses/instruction,derived from hardware counters,0.001 requested,Preserved Intel PCM field,"Drop rows where every numeric candidate is NaN; fill remaining NaN values with the feature's benign mean when available, otherwise the global feature mean; center by the same mean; exclude constant features."
B,DDR5,Core15 (Socket 0).11_C0res%,"Core 15, socket 0",C0res%,Residency in processor power state C0 during the reporting interval,Intel PCM CSV,%,derived from hardware counters,0.001 requested,Preserved Intel PCM field,"Drop rows where every numeric candidate is NaN; fill remaining NaN values with the feature's benign mean when available, otherwise the global feature mean; center by the same mean; exclude constant features."
B,DDR5,Core15 (Socket 0).12_C1res%,"Core 15, socket 0",C1res%,Residency in processor power state C1 during the reporting interval,Intel PCM CSV,%,derived from hardware counters,0.001 requested,Preserved Intel PCM field,"Drop rows where every numeric candidate is NaN; fill remaining NaN values with the feature's benign mean when available, otherwise the global feature mean; center by the same mean; exclude constant features."
B,DDR5,Core15 (Socket 0).13_C3res%,"Core 15, socket 0",C3res%,Residency in processor power state C3 during the reporting interval,Intel PCM CSV,%,derived from hardware counters,0.001 requested,Preserved Intel PCM field,"Drop rows where every numeric candidate is NaN; fill remaining NaN values with the feature's benign mean when available, otherwise the global feature mean; center by the same mean; exclude constant features."
B,DDR5,Core15 (Socket 0).14_C6res%,"Core 15, socket 0",C6res%,Residency in processor power state C6 during the reporting interval,Intel PCM CSV,%,derived from hardware counters,0.001 requested,Preserved Intel PCM field,"Drop rows where every numeric candidate is NaN; fill remaining NaN values with the feature's benign mean when available, otherwise the global feature mean; center by the same mean; exclude constant features."
B,DDR5,Core15 (Socket 0).15_C7res%,"Core 15, socket 0",C7res%,Residency in processor power state C7 during the reporting interval,Intel PCM CSV,%,derived from hardware counters,0.001 requested,Preserved Intel PCM field,"Drop rows where every numeric candidate is NaN; fill remaining NaN values with the feature's benign mean when available, otherwise the global feature mean; center by the same mean; exclude constant features."
B,DDR5,Core15 (Socket 0).16_TEMP,"Core 15, socket 0",TEMP,Thermal headroom relative to TjMax; zero corresponds to the maximum junction temperature,Intel PCM CSV,degree Celsius below TjMax,processor thermal sensor reported by Intel PCM,0.001 requested,Preserved Intel PCM field,"Drop rows where every numeric candidate is NaN; fill remaining NaN values with the feature's benign mean when available, otherwise the global feature mean; center by the same mean; exclude constant features."
B,DDR5,Core15 (Socket 0).17_INST,"Core 15, socket 0",INST,Retired instructions during the reporting interval,Intel PCM CSV,million instructions,counter delta scaled by Intel PCM,0.001 requested,Preserved Intel PCM field,"Drop rows where every numeric candidate is NaN; fill remaining NaN values with the feature's benign mean when available, otherwise the global feature mean; center by the same mean; exclude constant features."
B,DDR5,Core15 (Socket 0).18_ACYC,"Core 15, socket 0",ACYC,Unhalted core cycles during the reporting interval,Intel PCM CSV,million cycles,counter delta scaled by Intel PCM,0.001 requested,Preserved Intel PCM field,"Drop rows where every numeric candidate is NaN; fill remaining NaN values with the feature's benign mean when available, otherwise the global feature mean; center by the same mean; exclude constant features."
B,DDR5,Core15 (Socket 0).19_TIME(ticks),"Core 15, socket 0",TIME(ticks),Invariant timestamp counter ticks during the reporting interval,Intel PCM CSV,million ticks,counter delta scaled by Intel PCM,0.001 requested,Preserved Intel PCM field,"Drop rows where every numeric candidate is NaN; fill remaining NaN values with the feature's benign mean when available, otherwise the global feature mean; center by the same mean; exclude constant features."
B,DDR5,Core15 (Socket 0).20_PhysIPC,"Core 15, socket 0",PhysIPC,Instructions retired per physical core cycle,Intel PCM CSV,instructions/cycle,derived from hardware counters,0.001 requested,Preserved Intel PCM field,"Drop rows where every numeric candidate is NaN; fill remaining NaN values with the feature's benign mean when available, otherwise the global feature mean; center by the same mean; exclude constant features."
B,DDR5,Core15 (Socket 0).21_PhysIPC%,"Core 15, socket 0",PhysIPC%,Physical core IPC as a percentage of the processor maximum IPC,Intel PCM CSV,%,derived from hardware counters,0.001 requested,Preserved Intel PCM field,"Drop rows where every numeric candidate is NaN; fill remaining NaN values with the feature's benign mean when available, otherwise the global feature mean; center by the same mean; exclude constant features."
B,DDR5,Core15 (Socket 0).22_INSTnom,"Core 15, socket 0",INSTnom,Total instruction execution rate normalized to nominal cycles,Intel PCM CSV,instructions/nominal cycle,derived from hardware counters,0.001 requested,Preserved Intel PCM field,"Drop rows where every numeric candidate is NaN; fill remaining NaN values with the feature's benign mean when available, otherwise the global feature mean; center by the same mean; exclude constant features."
B,DDR5,Core15 (Socket 0).23_INSTnom%,"Core 15, socket 0",INSTnom%,Normalized instruction execution rate as a percentage of the processor maximum IPC,Intel PCM CSV,%,derived from hardware counters,0.001 requested,Preserved Intel PCM field,"Drop rows where every numeric candidate is NaN; fill remaining NaN values with the feature's benign mean when available, otherwise the global feature mean; center by the same mean; exclude constant features."
B,DDR5,CPU Voltage,System,CPU Voltage,Voltage encoded in bits 47:32 of MSR 0x198 and converted as encoded value divided by 8192,MSR 0x198 via rdmsr; historical helper absent,V,derived from a model specific register,not preserved for historical traces,"Processed field is preserved, but the original helper interval was not recorded","Drop rows where every numeric candidate is NaN; fill remaining NaN values with the feature's benign mean when available, otherwise the global feature mean; center by the same mean; exclude constant features."
B,DDR5,TEMP_CORE_0,Auxiliary core label 0,Auxiliary temperature,Auxiliary operating temperature associated with the preserved column label,Historical chip and label mapping not preserved; restored collector uses lm-sensors sensors -u,degree Celsius,measured by an auxiliary temperature collector,not preserved for historical traces,"Processed field is preserved, but the original sensor chip and feature mapping was not recorded","Drop rows where every numeric candidate is NaN; fill remaining NaN values with the feature's benign mean when available, otherwise the global feature mean; center by the same mean; exclude constant features."
B,DDR5,TEMP_CORE_4,Auxiliary core label 4,Auxiliary temperature,Auxiliary operating temperature associated with the preserved column label,Historical chip and label mapping not preserved; restored collector uses lm-sensors sensors -u,degree Celsius,measured by an auxiliary temperature collector,not preserved for historical traces,"Processed field is preserved, but the original sensor chip and feature mapping was not recorded","Drop rows where every numeric candidate is NaN; fill remaining NaN values with the feature's benign mean when available, otherwise the global feature mean; center by the same mean; exclude constant features."
B,DDR5,TEMP_CORE_8,Auxiliary core label 8,Auxiliary temperature,Auxiliary operating temperature associated with the preserved column label,Historical chip and label mapping not preserved; restored collector uses lm-sensors sensors -u,degree Celsius,measured by an auxiliary temperature collector,not preserved for historical traces,"Processed field is preserved, but the original sensor chip and feature mapping was not recorded","Drop rows where every numeric candidate is NaN; fill remaining NaN values with the feature's benign mean when available, otherwise the global feature mean; center by the same mean; exclude constant features."
B,DDR5,TEMP_CORE_12,Auxiliary core label 12,Auxiliary temperature,Auxiliary operating temperature associated with the preserved column label,Historical chip and label mapping not preserved; restored collector uses lm-sensors sensors -u,degree Celsius,measured by an auxiliary temperature collector,not preserved for historical traces,"Processed field is preserved, but the original sensor chip and feature mapping was not recorded","Drop rows where every numeric candidate is NaN; fill remaining NaN values with the feature's benign mean when available, otherwise the global feature mean; center by the same mean; exclude constant features."
B,DDR5,TEMP_CORE_16,Auxiliary core label 16,Auxiliary temperature,Auxiliary operating temperature associated with the preserved column label,Historical chip and label mapping not preserved; restored collector uses lm-sensors sensors -u,degree Celsius,measured by an auxiliary temperature collector,not preserved for historical traces,"Processed field is preserved, but the original sensor chip and feature mapping was not recorded","Drop rows where every numeric candidate is NaN; fill remaining NaN values with the feature's benign mean when available, otherwise the global feature mean; center by the same mean; exclude constant features."
B,DDR5,TEMP_CORE_20,Auxiliary core label 20,Auxiliary temperature,Auxiliary operating temperature associated with the preserved column label,Historical chip and label mapping not preserved; restored collector uses lm-sensors sensors -u,degree Celsius,measured by an auxiliary temperature collector,not preserved for historical traces,"Processed field is preserved, but the original sensor chip and feature mapping was not recorded","Drop rows where every numeric candidate is NaN; fill remaining NaN values with the feature's benign mean when available, otherwise the global feature mean; center by the same mean; exclude constant features."
B,DDR5,TEMP_CORE_28,Auxiliary core label 28,Auxiliary temperature,Auxiliary operating temperature associated with the preserved column label,Historical chip and label mapping not preserved; restored collector uses lm-sensors sensors -u,degree Celsius,measured by an auxiliary temperature collector,not preserved for historical traces,"Processed field is preserved, but the original sensor chip and feature mapping was not recorded","Drop rows where every numeric candidate is NaN; fill remaining NaN values with the feature's benign mean when available, otherwise the global feature mean; center by the same mean; exclude constant features."
B,DDR5,TEMP_CORE_29,Auxiliary core label 29,Auxiliary temperature,Auxiliary operating temperature associated with the preserved column label,Historical chip and label mapping not preserved; restored collector uses lm-sensors sensors -u,degree Celsius,measured by an auxiliary temperature collector,not preserved for historical traces,"Processed field is preserved, but the original sensor chip and feature mapping was not recorded","Drop rows where every numeric candidate is NaN; fill remaining NaN values with the feature's benign mean when available, otherwise the global feature mean; center by the same mean; exclude constant features."
B,DDR5,TEMP_CORE_30,Auxiliary core label 30,Auxiliary temperature,Auxiliary operating temperature associated with the preserved column label,Historical chip and label mapping not preserved; restored collector uses lm-sensors sensors -u,degree Celsius,measured by an auxiliary temperature collector,not preserved for historical traces,"Processed field is preserved, but the original sensor chip and feature mapping was not recorded","Drop rows where every numeric candidate is NaN; fill remaining NaN values with the feature's benign mean when available, otherwise the global feature mean; center by the same mean; exclude constant features."
B,DDR5,TEMP_CORE_31,Auxiliary core label 31,Auxiliary temperature,Auxiliary operating temperature associated with the preserved column label,Historical chip and label mapping not preserved; restored collector uses lm-sensors sensors -u,degree Celsius,measured by an auxiliary temperature collector,not preserved for historical traces,"Processed field is preserved, but the original sensor chip and feature mapping was not recorded","Drop rows where every numeric candidate is NaN; fill remaining NaN values with the feature's benign mean when available, otherwise the global feature mean; center by the same mean; exclude constant features."
